index,emg1,emg2,emg3,emg4,emg5,emg6,emg7,emg8,accel_x,accel_y,accel_z,gyro_x,gyro_y,gyro_z,roll,pitch,yaw,label
7047,-80,-16,-11,13,-9,2,3,16,0.471191,-0.623047,0.666016,0.5,-4.875,-1.0,68,62,3,Q
58659,-80,-16,-11,13,-9,2,3,16,0.471191,-0.623047,0.666016,0.5,-4.875,-1.0,68,62,3,Q
7043,-74,-56,-3,39,0,2,-1,-7,0.437988,-0.601562,0.669922,-4.6875,-0.875,5.3125,68,62,2,Q
58655,-74,-56,-3,39,0,2,-1,-7,0.437988,-0.601562,0.669922,-4.6875,-0.875,5.3125,68,62,2,Q
6947,-72,8,13,8,11,-9,9,4,0.483398,-0.596191,0.646484,3.6875,-17.0,13.6875,68,61,1,Q
58559,-72,8,13,8,11,-9,9,4,0.483398,-0.596191,0.646484,3.6875,-17.0,13.6875,68,61,1,Q
7168,-69,-13,-19,7,0,0,-10,-41,0.466309,-0.621582,0.658691,-0.375,1.5625,0.0625,68,62,4,Q
58780,-69,-13,-19,7,0,0,-10,-41,0.466309,-0.621582,0.658691,-0.375,1.5625,0.0625,68,62,4,Q
6944,-65,-18,-14,-4,-7,-15,-6,-18,0.475586,-0.598633,0.694336,-3.375,-2.75,-14.3125,69,62,0,Q
58556,-65,-18,-14,-4,-7,-15,-6,-18,0.475586,-0.598633,0.694336,-3.375,-2.75,-14.3125,69,62,0,Q
6951,-63,10,-13,-8,-7,-25,-7,-18,0.502441,-0.628906,0.633301,1.25,-4.8125,2.125,68,61,3,Q
58563,-63,10,-13,-8,-7,-25,-7,-18,0.502441,-0.628906,0.633301,1.25,-4.8125,2.125,68,61,3,Q
7058,-60,-63,-23,-6,3,-22,-13,-26,0.484863,-0.619141,0.660645,0.3125,-0.5,-0.4375,68,62,3,Q
58670,-60,-63,-23,-6,3,-22,-13,-26,0.484863,-0.619141,0.660645,0.3125,-0.5,-0.4375,68,62,3,Q
6954,-59,-12,9,-16,7,25,11,31,0.486816,-0.619141,0.655762,-0.125,3.3125,-1.125,68,61,3,Q
58566,-59,-12,9,-16,7,25,11,31,0.486816,-0.619141,0.655762,-0.125,3.3125,-1.125,68,61,3,Q
7165,-56,-34,-20,-5,3,-13,-8,-8,0.472168,-0.617188,0.650391,-0.125,-0.0625,1.5,68,62,4,Q
58777,-56,-34,-20,-5,3,-13,-8,-8,0.472168,-0.617188,0.650391,-0.125,-0.0625,1.5,68,62,4,Q
7132,-54,25,1,10,-4,0,0,12,0.472656,-0.625977,0.652832,-0.1875,0.4375,0.5625,68,62,4,Q
58744,-54,25,1,10,-4,0,0,12,0.472656,-0.625977,0.652832,-0.1875,0.4375,0.5625,68,62,4,Q
7120,-50,-39,-2,23,-1,-9,-6,-22,0.466797,-0.628418,0.661621,0.125,0.4375,0.6875,68,62,4,Q
58732,-50,-39,-2,23,-1,-9,-6,-22,0.466797,-0.628418,0.661621,0.125,0.4375,0.6875,68,62,4,Q
33988,-46,-110,-28,-11,-4,0,-13,-37,0.665527,-0.43457,0.625488,-0.1875,-0.25,-0.25,72,48,83,Q
33989,-46,-110,-28,-11,-4,0,-13,-37,0.665527,-0.43457,0.625488,-0.1875,-0.25,-0.25,72,48,83,Q
33990,-46,-110,-28,-11,-4,0,-13,-37,0.665527,-0.43457,0.625488,-0.1875,-0.25,-0.25,72,48,83,Q
33991,-46,-110,-28,-11,-4,0,-13,-37,0.665527,-0.43457,0.625488,-0.1875,-0.25,-0.25,72,48,83,Q
33992,-46,-110,-28,-11,-4,0,-13,-37,0.665527,-0.43457,0.625488,-0.1875,-0.25,-0.25,72,48,83,Q
33993,-46,-110,-28,-11,-4,0,-13,-37,0.665527,-0.43457,0.625488,-0.1875,-0.25,-0.25,72,48,83,Q
33994,-46,-110,-28,-11,-4,0,-13,-37,0.665527,-0.43457,0.625488,-0.1875,-0.25,-0.25,72,48,83,Q
33995,-46,-110,-28,-11,-4,0,-13,-37,0.665527,-0.43457,0.625488,-0.1875,-0.25,-0.25,72,48,83,Q
33996,-46,-110,-28,-11,-4,0,-13,-37,0.665527,-0.43457,0.625488,-0.1875,-0.25,-0.25,72,48,83,Q
33997,-46,-110,-28,-11,-4,0,-13,-37,0.665527,-0.43457,0.625488,-0.1875,-0.25,-0.25,72,48,83,Q
33998,-46,-110,-28,-11,-4,0,-13,-37,0.665527,-0.43457,0.625488,-0.1875,-0.25,-0.25,72,48,83,Q
33999,-46,-110,-28,-11,-4,0,-13,-37,0.665527,-0.43457,0.625488,-0.1875,-0.25,-0.25,72,48,83,Q
34000,-46,-110,-28,-11,-4,0,-13,-37,0.665527,-0.43457,0.625488,-0.1875,-0.25,-0.25,72,48,83,Q
34001,-46,-110,-28,-11,-4,0,-13,-37,0.665527,-0.43457,0.625488,-0.1875,-0.25,-0.25,72,48,83,Q
34002,-46,-110,-28,-11,-4,0,-13,-37,0.665527,-0.43457,0.625488,-0.1875,-0.25,-0.25,72,48,83,Q
34003,-46,-110,-28,-11,-4,0,-13,-37,0.665527,-0.43457,0.625488,-0.1875,-0.25,-0.25,72,48,83,Q
34004,-46,-110,-28,-11,-4,0,-13,-37,0.665527,-0.43457,0.625488,-0.1875,-0.25,-0.25,72,48,83,Q
34005,-46,-110,-28,-11,-4,0,-13,-37,0.665527,-0.43457,0.625488,-0.1875,-0.25,-0.25,72,48,83,Q
34006,-46,-110,-28,-11,-4,0,-13,-37,0.665527,-0.43457,0.625488,-0.1875,-0.25,-0.25,72,48,83,Q
34007,-46,-110,-28,-11,-4,0,-13,-37,0.665527,-0.43457,0.625488,-0.1875,-0.25,-0.25,72,48,83,Q
34008,-46,-110,-28,-11,-4,0,-13,-37,0.665527,-0.43457,0.625488,-0.1875,-0.25,-0.25,72,48,83,Q
34009,-46,-110,-28,-11,-4,0,-13,-37,0.665527,-0.43457,0.625488,-0.1875,-0.25,-0.25,72,48,83,Q
34010,-46,-110,-28,-11,-4,0,-13,-37,0.665527,-0.43457,0.625488,-0.1875,-0.25,-0.25,72,48,83,Q
34011,-46,-110,-28,-11,-4,0,-13,-37,0.665527,-0.43457,0.625488,-0.1875,-0.25,-0.25,72,48,83,Q
34012,-46,-110,-28,-11,-4,0,-13,-37,0.665527,-0.43457,0.625488,-0.1875,-0.25,-0.25,72,48,83,Q
34013,-46,-110,-28,-11,-4,0,-13,-37,0.665527,-0.43457,0.625488,-0.1875,-0.25,-0.25,72,48,83,Q
34014,-46,-110,-28,-11,-4,0,-13,-37,0.665527,-0.43457,0.625488,-0.1875,-0.25,-0.25,72,48,83,Q
34015,-46,-110,-28,-11,-4,0,-13,-37,0.665527,-0.43457,0.625488,-0.1875,-0.25,-0.25,72,48,83,Q
34016,-46,-110,-28,-11,-4,0,-13,-37,0.665527,-0.43457,0.625488,-0.1875,-0.25,-0.25,72,48,83,Q
7098,-46,41,29,12,0,6,0,-2,0.480469,-0.619141,0.654297,0.4375,-0.1875,0.5625,68,62,4,Q
58710,-46,41,29,12,0,6,0,-2,0.480469,-0.619141,0.654297,0.4375,-0.1875,0.5625,68,62,4,Q
7044,-45,11,3,-18,-3,8,3,-3,0.490234,-0.61084,0.665039,2.3125,-7.25,8.3125,68,62,2,Q
58656,-45,11,3,-18,-3,8,3,-3,0.490234,-0.61084,0.665039,2.3125,-7.25,8.3125,68,62,2,Q
7163,-44,31,-1,-1,0,-8,-3,-3,0.480957,-0.618652,0.658203,-0.375,0.5,0.9375,68,62,4,Q
58775,-44,31,-1,-1,0,-8,-3,-3,0.480957,-0.618652,0.658203,-0.375,0.5,0.9375,68,62,4,Q
50402,-43,-55,-16,-10,-12,-16,-7,-12,0.901367,-0.290527,0.375488,11.25,1.125,3.9375,70,27,163,K
50453,-43,-55,-16,-10,-12,-16,-7,-12,0.901367,-0.290527,0.375488,11.25,1.125,3.9375,70,27,163,K
7106,-43,-19,17,1,2,-13,-6,-36,0.491699,-0.615723,0.655273,0.0625,-0.0625,-0.3125,68,62,4,Q
58718,-43,-19,17,1,2,-13,-6,-36,0.491699,-0.615723,0.655273,0.0625,-0.0625,-0.3125,68,62,4,Q
7153,-43,-8,-4,-11,6,18,4,-13,0.494629,-0.609375,0.662598,-0.0625,-5.5,2.4375,68,62,4,Q
58765,-43,-8,-4,-11,6,18,4,-13,0.494629,-0.609375,0.662598,-0.0625,-5.5,2.4375,68,62,4,Q
34471,-43,5,27,4,-4,12,-8,-3,0.813477,-0.203613,0.521973,0.0,-1.3125,0.25,79,32,90,B
34522,-43,5,27,4,-4,12,-8,-3,0.813477,-0.203613,0.521973,0.0,-1.3125,0.25,79,32,90,B
4757,-42,-7,-11,2,0,1,-10,-31,0.79248,-0.48291,0.425293,4.6875,-16.6875,-3.9375,66,36,32,S
4859,-42,-7,-11,2,0,1,-10,-31,0.79248,-0.48291,0.425293,4.6875,-16.6875,-3.9375,66,36,32,S
7025,-41,-10,6,-20,0,0,3,19,0.480469,-0.630371,0.664062,0.75,1.3125,-1.25,68,62,3,Q
58637,-41,-10,6,-20,0,0,3,19,0.480469,-0.630371,0.664062,0.75,1.3125,-1.25,68,62,3,Q
7088,-40,-9,6,7,-4,-29,-15,-67,0.475098,-0.620605,0.666016,-0.375,-0.125,1.25,68,62,3,Q
58700,-40,-9,6,7,-4,-29,-15,-67,0.475098,-0.620605,0.666016,-0.375,-0.125,1.25,68,62,3,Q
50403,-40,0,-3,3,-3,11,3,-7,0.894043,-0.260742,0.369629,19.1875,-6.5,6.3125,70,27,163,K
50454,-40,0,-3,3,-3,11,3,-7,0.894043,-0.260742,0.369629,19.1875,-6.5,6.3125,70,27,163,K
30160,-39,-45,-39,-7,-10,-5,-42,-42,0.818848,-0.363281,0.422363,-1.0625,2.9375,0.25,69,34,99,L
30211,-39,-45,-39,-7,-10,-5,-42,-42,0.818848,-0.363281,0.422363,-1.0625,2.9375,0.25,69,34,99,L
6949,-37,-2,-19,6,-6,12,2,-24,0.508301,-0.623535,0.634277,4.25,-12.8125,12.1875,68,61,2,Q
58561,-37,-2,-19,6,-6,12,2,-24,0.508301,-0.623535,0.634277,4.25,-12.8125,12.1875,68,61,2,Q
7155,-36,-22,-64,-1,4,-10,3,-28,0.477051,-0.618652,0.670898,-1.0625,-0.875,-0.0625,68,62,4,Q
58767,-36,-22,-64,-1,4,-10,3,-28,0.477051,-0.618652,0.670898,-1.0625,-0.875,-0.0625,68,62,4,Q
6959,-36,72,35,16,10,-9,8,0,0.493164,-0.625488,0.648438,-0.1875,0.875,-0.875,68,61,3,Q
58571,-36,72,35,16,10,-9,8,0,0.493164,-0.625488,0.648438,-0.1875,0.875,-0.875,68,61,3,Q
7171,-35,-65,-24,-4,4,7,5,-17,0.465332,-0.620605,0.65918,-1.625,0.5,2.25,68,62,4,Q
58783,-35,-65,-24,-4,4,7,5,-17,0.465332,-0.620605,0.65918,-1.625,0.5,2.25,68,62,4,Q
7073,-35,-26,-39,10,2,17,13,-7,0.478516,-0.618652,0.665039,-0.5,0.375,-0.25,68,62,3,Q
58685,-35,-26,-39,10,2,17,13,-7,0.478516,-0.618652,0.665039,-0.5,0.375,-0.25,68,62,3,Q
7185,-35,-12,-12,-12,-8,-14,-4,-29,0.440918,-0.650879,0.657715,-1.5625,-0.6875,3.5625,67,63,4,Q
58797,-35,-12,-12,-12,-8,-14,-4,-29,0.440918,-0.650879,0.657715,-1.5625,-0.6875,3.5625,67,63,4,Q
7018,-34,-4,2,-5,-2,19,20,-17,0.476074,-0.617188,0.650879,0.25,0.0625,1.375,68,62,3,Q
58630,-34,-4,2,-5,-2,19,20,-17,0.476074,-0.617188,0.650879,0.25,0.0625,1.375,68,62,3,Q
7034,-34,22,38,7,2,19,-3,-63,0.464355,-0.652832,0.649414,0.6875,-0.6875,-0.0625,67,62,3,Q
58646,-34,22,38,7,2,19,-3,-63,0.464355,-0.652832,0.649414,0.6875,-0.6875,-0.0625,67,62,3,Q
7150,-33,-64,21,4,7,0,-13,-40,0.470703,-0.598633,0.635254,-3.125,-2.0,7.0,68,62,3,Q
58762,-33,-64,21,4,7,0,-13,-40,0.470703,-0.598633,0.635254,-3.125,-2.0,7.0,68,62,3,Q
30169,-32,-28,19,-3,-3,-12,0,1,0.819824,-0.363281,0.418457,0.25,0.0,-0.0625,69,34,99,L
30220,-32,-28,19,-3,-3,-12,0,1,0.819824,-0.363281,0.418457,0.25,0.0,-0.0625,69,34,99,L
30166,-32,-16,-21,-8,-6,-30,-21,26,0.814453,-0.376465,0.433105,-1.625,0.375,-1.0,69,34,99,L
30217,-32,-16,-21,-8,-6,-30,-21,26,0.814453,-0.376465,0.433105,-1.625,0.375,-1.0,69,34,99,L
6958,-32,-10,-8,1,4,-8,0,-6,0.484375,-0.618652,0.64209,0.8125,0.0625,-1.625,68,61,3,Q
58570,-32,-10,-8,1,4,-8,0,-6,0.484375,-0.618652,0.64209,0.8125,0.0625,-1.625,68,61,3,Q
7119,-32,-9,-11,1,-5,17,10,-10,0.475586,-0.623047,0.646484,0.125,-0.4375,0.25,68,62,4,Q
58731,-32,-9,-11,1,-5,17,10,-10,0.475586,-0.623047,0.646484,0.125,-0.4375,0.25,68,62,4,Q
34454,-32,-2,3,-2,-10,-45,-26,-13,0.817871,-0.203125,0.525879,-0.0625,-2.4375,-0.625,79,32,90,B
34505,-32,-2,3,-2,-10,-45,-26,-13,0.817871,-0.203125,0.525879,-0.0625,-2.4375,-0.625,79,32,90,B
41774,-31,-6,23,-29,3,-33,-78,-21,0.64502,-0.723633,0.520508,-17.4375,2.0,-15.4375,65,47,144,E
42029,-31,-6,23,-29,3,-33,-78,-21,0.64502,-0.723633,0.520508,-17.4375,2.0,-15.4375,65,47,144,E
50413,-31,6,0,-5,-1,3,1,-2,0.865234,-0.283203,0.395508,-3.75,-1.3125,-0.5,70,28,164,K
50464,-31,6,0,-5,-1,3,1,-2,0.865234,-0.283203,0.395508,-3.75,-1.3125,-0.5,70,28,164,K
7060,-31,24,6,-36,-2,5,-11,-2,0.481445,-0.614746,0.654297,-0.5,0.1875,1.0,68,62,3,Q
58672,-31,24,6,-36,-2,5,-11,-2,0.481445,-0.614746,0.654297,-0.5,0.1875,1.0,68,62,3,Q
41778,-30,17,35,103,18,-9,-9,-14,0.722656,-0.470703,0.463867,5.5,-6.75,-5.125,65,43,143,E
42033,-30,17,35,103,18,-9,-9,-14,0.722656,-0.470703,0.463867,5.5,-6.75,-5.125,65,43,143,E
7011,-29,-21,-36,-9,-1,-4,12,12,0.47998,-0.62793,0.663086,0.8125,-2.1875,0.125,68,62,3,Q
58623,-29,-21,-36,-9,-1,-4,12,12,0.47998,-0.62793,0.663086,0.8125,-2.1875,0.125,68,62,3,Q
7074,-29,-13,14,-6,4,9,-5,-14,0.476074,-0.612793,0.658691,-0.625,0.9375,-0.1875,68,62,3,Q
58686,-29,-13,14,-6,4,9,-5,-14,0.476074,-0.612793,0.658691,-0.625,0.9375,-0.1875,68,62,3,Q
6956,-29,19,-26,2,0,-16,-2,21,0.48877,-0.632324,0.646484,-0.5,0.8125,0.9375,68,61,3,Q
58568,-29,19,-26,2,0,-16,-2,21,0.48877,-0.632324,0.646484,-0.5,0.8125,0.9375,68,61,3,Q
30178,-28,-9,-16,2,4,1,-54,-76,0.814453,-0.374512,0.420898,-0.5625,-0.0625,-1.5,69,34,99,L
30229,-28,-9,-16,2,4,1,-54,-76,0.814453,-0.374512,0.420898,-0.5625,-0.0625,-1.5,69,34,99,L
4775,-28,-4,0,2,0,-5,-9,-13,0.839355,-0.375,0.379883,3.9375,-0.5625,-1.875,67,33,34,S
4877,-28,-4,0,2,0,-5,-9,-13,0.839355,-0.375,0.379883,3.9375,-0.5625,-1.875,67,33,34,S
7063,-27,-32,-32,2,2,-15,-1,-6,0.492188,-0.613281,0.657715,-0.25,0.1875,-0.375,68,62,3,Q
58675,-27,-32,-32,2,2,-15,-1,-6,0.492188,-0.613281,0.657715,-0.25,0.1875,-0.375,68,62,3,Q
50410,-27,-14,-13,-5,-7,-8,-7,-1,0.870605,-0.320312,0.386719,3.8125,-1.75,-0.125,70,28,164,K
50461,-27,-14,-13,-5,-7,-8,-7,-1,0.870605,-0.320312,0.386719,3.8125,-1.75,-0.125,70,28,164,K
7123,-27,-6,-17,-11,4,-2,-4,7,0.471191,-0.629883,0.647461,0.3125,0.1875,-2.125,68,62,4,Q
58735,-27,-6,-17,-11,4,-2,-4,7,0.471191,-0.629883,0.647461,0.3125,0.1875,-2.125,68,62,4,Q
34473,-27,-2,16,3,1,-7,21,0,0.816895,-0.20166,0.51709,0.8125,-2.625,0.375,79,32,90,B
34524,-27,-2,16,3,1,-7,21,0,0.816895,-0.20166,0.51709,0.8125,-2.625,0.375,79,32,90,B
7040,-27,11,-13,4,-6,-9,-5,8,0.443359,-0.620605,0.704102,-0.625,-4.0625,-8.0,69,63,2,Q
58652,-27,11,-13,4,-6,-9,-5,8,0.443359,-0.620605,0.704102,-0.625,-4.0625,-8.0,69,63,2,Q
7002,-27,21,27,26,8,7,8,-4,0.491699,-0.629883,0.647949,-0.9375,-1.1875,2.4375,67,62,3,Q
58614,-27,21,27,26,8,7,8,-4,0.491699,-0.629883,0.647949,-0.9375,-1.1875,2.4375,67,62,3,Q
6984,-27,25,27,-4,0,-21,-18,-26,0.494629,-0.61084,0.662109,-0.625,0.1875,0.0,68,61,3,Q
58596,-27,25,27,-4,0,-21,-18,-26,0.494629,-0.61084,0.662109,-0.625,0.1875,0.0,68,61,3,Q
7108,-26,-41,-22,0,5,-1,1,-13,0.479492,-0.621094,0.663574,0.1875,-0.0625,1.6875,68,62,4,Q
58720,-26,-41,-22,0,5,-1,1,-13,0.479492,-0.621094,0.663574,0.1875,-0.0625,1.6875,68,62,4,Q
30187,-26,-28,-22,0,-4,10,26,-10,0.819824,-0.383301,0.415527,-1.625,0.5625,0.125,69,34,99,L
30238,-26,-28,-22,0,-4,10,26,-10,0.819824,-0.383301,0.415527,-1.625,0.5625,0.125,69,34,99,L
6957,-26,-20,-18,-2,12,4,-12,-28,0.496094,-0.616699,0.651367,0.9375,-0.375,0.5625,68,61,3,Q
58569,-26,-20,-18,-2,12,4,-12,-28,0.496094,-0.616699,0.651367,0.9375,-0.375,0.5625,68,61,3,Q
6969,-26,-13,3,2,-1,-2,-2,-6,0.486816,-0.609863,0.655762,0.25,0.5625,-0.625,68,61,3,Q
58581,-26,-13,3,2,-1,-2,-2,-6,0.486816,-0.609863,0.655762,0.25,0.5625,-0.625,68,61,3,Q
6970,-26,35,3,2,-3,-2,8,2,0.494141,-0.619141,0.652832,0.3125,-0.625,-0.0625,68,61,3,Q
58582,-26,35,3,2,-3,-2,8,2,0.494141,-0.619141,0.652832,0.3125,-0.625,-0.0625,68,61,3,Q
6997,-25,-15,-9,13,2,-32,-24,7,0.473633,-0.655762,0.647949,-2.1875,-10.0,5.375,68,61,3,Q
58609,-25,-15,-9,13,2,-32,-24,7,0.473633,-0.655762,0.647949,-2.1875,-10.0,5.375,68,61,3,Q
7122,-24,-83,-35,-1,-4,3,8,6,0.473145,-0.631836,0.658691,-0.1875,-0.3125,-0.25,68,62,4,Q
58734,-24,-83,-35,-1,-4,3,8,6,0.473145,-0.631836,0.658691,-0.1875,-0.3125,-0.25,68,62,4,Q
6962,-24,22,26,2,8,-19,-15,23,0.489746,-0.62207,0.65625,0.5625,-0.5,0.25,68,61,3,Q
58574,-24,22,26,2,8,-19,-15,23,0.489746,-0.62207,0.65625,0.5625,-0.5,0.25,68,61,3,Q
7039,-23,-44,-9,13,0,-9,-7,-7,0.439941,-0.606934,0.68457,-4.75,-2.0,-6.75,69,63,2,Q
58651,-23,-44,-9,13,0,-9,-7,-7,0.439941,-0.606934,0.68457,-4.75,-2.0,-6.75,69,63,2,Q
4759,-23,-3,-11,-9,-3,-18,-20,-12,0.817871,-0.428223,0.391602,7.0,1.0625,2.375,66,36,33,S
4861,-23,-3,-11,-9,-3,-18,-20,-12,0.817871,-0.428223,0.391602,7.0,1.0625,2.375,66,36,33,S
7115,-23,-1,7,22,1,21,3,-18,0.479004,-0.625,0.664551,-0.3125,-0.125,1.375,68,62,4,Q
58727,-23,-1,7,22,1,21,3,-18,0.479004,-0.625,0.664551,-0.3125,-0.125,1.375,68,62,4,Q
7006,-23,1,17,-8,-6,7,0,28,0.47998,-0.640137,0.651855,-0.25,1.0,-1.3125,67,62,3,Q
58618,-23,1,17,-8,-6,7,0,28,0.47998,-0.640137,0.651855,-0.25,1.0,-1.3125,67,62,3,Q
7103,-22,-45,-22,11,8,15,9,-23,0.473633,-0.629395,0.660645,0.1875,0.375,1.5,68,62,4,Q
58715,-22,-45,-22,11,8,15,9,-23,0.473633,-0.629395,0.660645,0.1875,0.375,1.5,68,62,4,Q
34435,-22,-24,-78,-10,0,20,-6,-10,0.810059,-0.213867,0.525879,4.0625,-8.875,-2.625,78,33,89,B
34486,-22,-24,-78,-10,0,20,-6,-10,0.810059,-0.213867,0.525879,4.0625,-8.875,-2.625,78,33,89,B
34466,-22,-23,-79,-19,9,10,-2,-6,0.817383,-0.199707,0.520996,0.625,-2.3125,0.5625,79,32,90,B
34517,-22,-23,-79,-19,9,10,-2,-6,0.817383,-0.199707,0.520996,0.625,-2.3125,0.5625,79,32,90,B
6995,-22,-1,19,13,24,1,-5,-10,0.467773,-0.645508,0.679688,1.0,-8.9375,7.5625,68,62,2,Q
58607,-22,-1,19,13,24,1,-5,-10,0.467773,-0.645508,0.679688,1.0,-8.9375,7.5625,68,62,2,Q
41806,-22,4,-77,-81,9,8,27,1,0.75293,-0.488281,0.445312,1.5625,-0.6875,2.0,65,41,143,E
42061,-22,4,-77,-81,9,8,27,1,0.75293,-0.488281,0.445312,1.5625,-0.6875,2.0,65,41,143,E
4762,-21,-4,15,22,7,6,3,-6,0.819336,-0.392578,0.42041,12.9375,-3.9375,-7.9375,67,35,32,S
4864,-21,-4,15,22,7,6,3,-6,0.819336,-0.392578,0.42041,12.9375,-3.9375,-7.9375,67,35,32,S
7159,-21,50,32,-9,-4,-7,-8,-6,0.475586,-0.619141,0.663574,-0.0625,-0.0625,0.4375,68,62,4,Q
58771,-21,50,32,-9,-4,-7,-8,-6,0.475586,-0.619141,0.663574,-0.0625,-0.0625,0.4375,68,62,4,Q
7100,-20,-38,0,-3,1,8,0,-13,0.479492,-0.625488,0.648438,-1.4375,-0.625,2.0,68,62,4,Q
58712,-20,-38,0,-3,1,8,0,-13,0.479492,-0.625488,0.648438,-1.4375,-0.625,2.0,68,62,4,Q
35972,-20,-15,-5,-4,-2,-6,-31,-16,0.734375,-0.274902,0.616699,3.0,-0.6875,0.625,77,41,115,H
36023,-20,-15,-5,-4,-2,-6,-31,-16,0.734375,-0.274902,0.616699,3.0,-0.6875,0.625,77,41,115,H
50654,-20,-7,-18,-6,-3,-12,-22,-11,0.743652,-0.57373,0.404785,-21.5625,-3.0625,-10.0,63,33,176,L
50705,-20,-7,-18,-6,-3,-12,-22,-11,0.743652,-0.57373,0.404785,-21.5625,-3.0625,-10.0,63,33,176,L
7050,-20,-2,-28,-13,-4,-5,-2,12,0.490723,-0.611328,0.642578,-1.625,1.125,2.5,68,61,3,Q
58662,-20,-2,-28,-13,-4,-5,-2,12,0.490723,-0.611328,0.642578,-1.625,1.125,2.5,68,61,3,Q
4760,-20,-2,10,-2,2,-4,-7,-7,0.811035,-0.413086,0.429199,9.0625,2.9375,-0.8125,66,36,32,S
4862,-20,-2,10,-2,2,-4,-7,-7,0.811035,-0.413086,0.429199,9.0625,2.9375,-0.8125,66,36,32,S
34437,-20,5,-18,0,-9,-42,-66,-18,0.818848,-0.200195,0.515137,4.5,-8.375,1.75,78,32,90,B
34488,-20,5,-18,0,-9,-42,-66,-18,0.818848,-0.200195,0.515137,4.5,-8.375,1.75,78,32,90,B
7104,-20,25,4,-10,0,-5,-3,1,0.46582,-0.625488,0.659668,-0.125,0.125,-0.3125,68,62,4,Q
58716,-20,25,4,-10,0,-5,-3,1,0.46582,-0.625488,0.659668,-0.125,0.125,-0.3125,68,62,4,Q
6978,-20,44,8,8,7,8,0,-13,0.48877,-0.619141,0.654297,-0.125,0.4375,0.4375,68,61,3,Q
58590,-20,44,8,8,7,8,0,-13,0.48877,-0.619141,0.654297,-0.125,0.4375,0.4375,68,61,3,Q
7118,-19,-43,-16,-20,-6,0,-1,13,0.472168,-0.621582,0.652832,-0.4375,-0.4375,-0.4375,68,62,4,Q
58730,-19,-43,-16,-20,-6,0,-1,13,0.472168,-0.621582,0.652832,-0.4375,-0.4375,-0.4375,68,62,4,Q
7072,-19,-35,-56,-34,-2,-3,-4,5,0.489746,-0.61377,0.661621,-0.25,-0.3125,0.3125,68,62,3,Q
58684,-19,-35,-56,-34,-2,-3,-4,5,0.489746,-0.61377,0.661621,-0.25,-0.3125,0.3125,68,62,3,Q
34449,-19,-26,9,2,-2,14,-4,-8,0.811035,-0.192871,0.512207,1.5,-2.3125,0.0,79,32,90,B
34500,-19,-26,9,2,-2,14,-4,-8,0.811035,-0.192871,0.512207,1.5,-2.3125,0.0,79,32,90,B
6964,-19,-24,3,1,6,27,21,10,0.491211,-0.620117,0.654297,-0.125,1.125,-0.5,68,61,3,Q
58576,-19,-24,3,1,6,27,21,10,0.491211,-0.620117,0.654297,-0.125,1.125,-0.5,68,61,3,Q
4749,-19,8,-6,7,18,-5,17,13,0.779785,-0.276855,0.501465,-35.0625,33.25,-25.5625,71,34,27,S
4851,-19,8,-6,7,18,-5,17,13,0.779785,-0.276855,0.501465,-35.0625,33.25,-25.5625,71,34,27,S
7022,-19,10,10,-17,2,-8,-3,1,0.480957,-0.626953,0.656738,0.1875,0.5,0.0,68,62,3,Q
58634,-19,10,10,-17,2,-8,-3,1,0.480957,-0.626953,0.656738,0.1875,0.5,0.0,68,62,3,Q
7126,-19,27,9,1,-4,5,-5,-21,0.475098,-0.615234,0.652344,0.125,0.5625,1.75,68,62,4,Q
58738,-19,27,9,1,-4,5,-5,-21,0.475098,-0.615234,0.652344,0.125,0.5625,1.75,68,62,4,Q
6948,-18,-45,13,-4,2,18,5,30,0.476562,-0.62207,0.663086,3.9375,-19.0625,20.8125,68,61,2,Q
58560,-18,-45,13,-4,2,18,5,30,0.476562,-0.62207,0.663086,3.9375,-19.0625,20.8125,68,61,2,Q
30149,-18,-34,41,-1,-1,1,-53,23,0.791016,-0.360352,0.435547,9.25,-22.9375,-11.9375,69,36,98,L
30200,-18,-34,41,-1,-1,1,-53,23,0.791016,-0.360352,0.435547,9.25,-22.9375,-11.9375,69,36,98,L
7064,-18,-19,-32,1,-5,-13,1,14,0.477539,-0.611328,0.669922,-0.375,0.3125,-0.375,68,62,3,Q
58676,-18,-19,-32,1,-5,-13,1,14,0.477539,-0.611328,0.669922,-0.375,0.3125,-0.375,68,62,3,Q
6980,-18,-7,-1,-2,2,-13,1,6,0.487305,-0.611328,0.649902,-0.25,0.375,0.25,68,61,3,Q
58592,-18,-7,-1,-2,2,-13,1,6,0.487305,-0.611328,0.649902,-0.25,0.375,0.25,68,61,3,Q
7114,-18,-5,-10,-17,-6,-3,-1,-4,0.477051,-0.625488,0.662109,-0.75,0.25,0.0,68,62,4,Q
58726,-18,-5,-10,-17,-6,-3,-1,-4,0.477051,-0.625488,0.662109,-0.75,0.25,0.0,68,62,4,Q
4786,-18,-1,0,-1,3,1,0,-2,0.834473,-0.401855,0.399414,0.4375,-0.3125,2.125,67,33,34,S
4888,-18,-1,0,-1,3,1,0,-2,0.834473,-0.401855,0.399414,0.4375,-0.3125,2.125,67,33,34,S
30154,-18,10,37,-4,-9,-47,-2,-113,0.836914,-0.34082,0.407715,-3.125,5.4375,2.75,69,33,99,L
30205,-18,10,37,-4,-9,-47,-2,-113,0.836914,-0.34082,0.407715,-3.125,5.4375,2.75,69,33,99,L
7054,-17,-43,13,1,3,24,5,7,0.478027,-0.622559,0.658691,0.125,1.0625,-0.5625,68,62,3,Q
58666,-17,-43,13,1,3,24,5,7,0.478027,-0.622559,0.658691,0.125,1.0625,-0.5625,68,62,3,Q
30175,-17,-17,-27,-3,1,-7,-32,39,0.816895,-0.381348,0.430176,0.125,-0.8125,-0.25,69,34,99,L
30226,-17,-17,-27,-3,1,-7,-32,39,0.816895,-0.381348,0.430176,0.125,-0.8125,-0.25,69,34,99,L
35963,-17,-12,-11,-7,-14,-42,-72,-19,0.755859,-0.269043,0.600586,-2.375,-25.5,5.1875,78,40,114,H
36014,-17,-12,-11,-7,-14,-42,-72,-19,0.755859,-0.269043,0.600586,-2.375,-25.5,5.1875,78,40,114,H
7080,-17,-11,-36,-12,1,-19,-6,14,0.477539,-0.621094,0.668945,-0.0625,-0.125,0.25,68,62,3,Q
58692,-17,-11,-36,-12,1,-19,-6,14,0.477539,-0.621094,0.668945,-0.0625,-0.125,0.25,68,62,3,Q
35986,-17,-11,-7,-7,-6,16,26,-4,0.725098,-0.291504,0.615234,-0.4375,0.5625,0.0625,77,41,116,H
36037,-17,-11,-7,-7,-6,16,26,-4,0.725098,-0.291504,0.615234,-0.4375,0.5625,0.0625,77,41,116,H
7029,-17,-4,-31,-12,7,-3,-1,-2,0.46875,-0.632812,0.658691,1.9375,2.5,2.3125,68,62,3,Q
58641,-17,-4,-31,-12,7,-3,-1,-2,0.46875,-0.632812,0.658691,1.9375,2.5,2.3125,68,62,3,Q
4783,-17,-2,-3,-1,-2,-4,0,-5,0.834473,-0.388672,0.379395,1.0625,-1.8125,0.125,67,33,33,S
4885,-17,-2,-3,-1,-2,-4,0,-5,0.834473,-0.388672,0.379395,1.0625,-1.8125,0.125,67,33,33,S
50672,-17,-1,2,-7,-3,1,-6,-24,0.845215,-0.470215,0.334473,-4.75,-2.1875,-1.0625,63,31,176,L
50723,-17,-1,2,-7,-3,1,-6,-24,0.845215,-0.470215,0.334473,-4.75,-2.1875,-1.0625,63,31,176,L
35976,-17,2,-3,-4,-2,4,-24,-14,0.728027,-0.28418,0.614746,-0.0625,-2.1875,2.125,77,41,116,H
36027,-17,2,-3,-4,-2,4,-24,-14,0.728027,-0.28418,0.614746,-0.0625,-2.1875,2.125,77,41,116,H
30156,-17,4,72,12,4,18,9,24,0.826172,-0.381836,0.430176,-0.125,0.4375,1.9375,69,34,99,L
30207,-17,4,72,12,4,18,9,24,0.826172,-0.381836,0.430176,-0.125,0.4375,1.9375,69,34,99,L
7041,-17,39,-2,-5,0,17,13,20,0.446777,-0.571289,0.70752,-13.625,0.0625,-4.125,69,62,2,Q
58653,-17,39,-2,-5,0,17,13,20,0.446777,-0.571289,0.70752,-13.625,0.0625,-4.125,69,62,2,Q
7174,-17,46,15,-11,2,-5,-5,-14,0.470703,-0.633789,0.652344,-0.875,-1.25,1.4375,68,62,4,Q
58786,-17,46,15,-11,2,-5,-5,-14,0.470703,-0.633789,0.652344,-0.875,-1.25,1.4375,68,62,4,Q
7180,-16,-41,-27,-12,0,8,2,-2,0.467773,-0.62207,0.666992,-0.5625,1.625,-0.5625,68,62,4,Q
58792,-16,-41,-27,-12,0,8,2,-2,0.467773,-0.62207,0.666992,-0.5625,1.625,-0.5625,68,62,4,Q
6992,-16,-19,-4,6,9,5,5,-13,0.468262,-0.637207,0.669922,-5.0625,4.0625,-17.3125,68,63,1,Q
58604,-16,-19,-4,6,9,5,5,-13,0.468262,-0.637207,0.669922,-5.0625,4.0625,-17.3125,68,63,1,Q
7004,-16,-7,-15,-5,8,12,1,-23,0.48584,-0.629883,0.645996,0.0625,1.625,-0.4375,67,62,3,Q
58616,-16,-7,-15,-5,8,12,1,-23,0.48584,-0.629883,0.645996,0.0625,1.625,-0.4375,67,62,3,Q
7144,-16,-6,-2,-3,-7,-1,-1,-2,0.429688,-0.625488,0.689941,-2.5,-1.8125,-2.6875,68,65,3,Q
58756,-16,-6,-2,-3,-7,-1,-1,-2,0.429688,-0.625488,0.689941,-2.5,-1.8125,-2.6875,68,65,3,Q
30174,-16,-2,48,10,-1,-3,27,-16,0.814453,-0.376953,0.438965,0.9375,0.3125,-0.25,69,34,99,L
30225,-16,-2,48,10,-1,-3,27,-16,0.814453,-0.376953,0.438965,0.9375,0.3125,-0.25,69,34,99,L
50418,-16,-1,-18,-7,-6,-4,-3,0,0.848145,-0.308594,0.405762,-6.1875,-4.375,-3.875,70,28,164,K
50469,-16,-1,-18,-7,-6,-4,-3,0,0.848145,-0.308594,0.405762,-6.1875,-4.375,-3.875,70,28,164,K
35978,-16,9,0,-2,3,12,-14,-14,0.726562,-0.296875,0.610352,0.6875,-1.5,1.0625,77,41,116,H
36029,-16,9,0,-2,3,12,-14,-14,0.726562,-0.296875,0.610352,0.6875,-1.5,1.0625,77,41,116,H
6990,-16,12,-1,-3,7,-4,-2,-1,0.469238,-0.629395,0.655273,4.0,3.375,-6.125,68,63,2,Q
58602,-16,12,-1,-3,7,-4,-2,-1,0.469238,-0.629395,0.655273,4.0,3.375,-6.125,68,63,2,Q
30152,-16,30,-18,0,16,-1,-20,-3,0.842773,-0.367676,0.383301,1.0,-9.5625,-5.3125,69,33,99,L
30203,-16,30,-18,0,16,-1,-20,-3,0.842773,-0.367676,0.383301,1.0,-9.5625,-5.3125,69,33,99,L
30170,-15,-25,10,-1,-3,-6,-32,30,0.819824,-0.370605,0.432129,-0.5,-0.3125,0.1875,69,34,99,L
30221,-15,-25,10,-1,-3,-6,-32,30,0.819824,-0.370605,0.432129,-0.5,-0.3125,0.1875,69,34,99,L
7030,-15,-18,2,-1,9,-19,1,4,0.466309,-0.628418,0.658691,0.1875,2.25,1.125,68,62,3,Q
58642,-15,-18,2,-1,9,-19,1,4,0.466309,-0.628418,0.658691,0.1875,2.25,1.125,68,62,3,Q
6963,-15,-17,-41,-8,-10,-62,-13,-3,0.493164,-0.615723,0.64209,0.75,0.5,0.125,68,61,3,Q
58575,-15,-17,-41,-8,-10,-62,-13,-3,0.493164,-0.615723,0.64209,0.75,0.5,0.125,68,61,3,Q
34459,-15,-11,8,0,-4,-13,21,8,0.819336,-0.19873,0.515137,0.25,-1.875,-0.5,79,32,90,B
34510,-15,-11,8,0,-4,-13,21,8,0.819336,-0.19873,0.515137,0.25,-1.875,-0.5,79,32,90,B
4755,-15,-7,-6,12,5,4,0,2,0.785645,-0.48877,0.419922,8.875,-20.4375,6.125,67,38,31,S
4857,-15,-7,-6,12,5,4,0,2,0.785645,-0.48877,0.419922,8.875,-20.4375,6.125,67,38,31,S
41840,-15,-3,-25,-39,10,0,4,-10,0.72998,-0.529785,0.458984,-4.0625,0.75,0.75,65,42,143,E
42095,-15,-3,-25,-39,10,0,4,-10,0.72998,-0.529785,0.458984,-4.0625,0.75,0.75,65,42,143,E
53767,-15,-3,-3,-2,4,17,-22,-7,0.926758,-0.208984,0.199707,-9.875,-1.625,-3.625,63,15,161,X
53869,-15,-3,-3,-2,4,17,-22,-7,0.926758,-0.208984,0.199707,-9.875,-1.625,-3.625,63,15,161,X
7186,-15,3,14,-4,-10,-5,-8,-29,0.444824,-0.659668,0.668457,2.1875,-3.875,-1.5,67,63,4,Q
58798,-15,3,14,-4,-10,-5,-8,-29,0.444824,-0.659668,0.668457,2.1875,-3.875,-1.5,67,63,4,Q
7112,-14,-27,-5,-32,-20,-26,-6,-6,0.467773,-0.633789,0.656738,-1.75,0.5,-0.375,68,62,4,Q
58724,-14,-27,-5,-32,-20,-26,-6,-6,0.467773,-0.633789,0.656738,-1.75,0.5,-0.375,68,62,4,Q
51006,-14,-17,-3,0,22,17,-23,-35,0.814941,-0.404297,0.465332,28.375,-24.0,4.5,67,33,15,N
51210,-14,-17,-3,0,22,17,-23,-35,0.814941,-0.404297,0.465332,28.375,-24.0,4.5,67,33,15,N
30191,-14,-15,-5,-2,-3,-18,-45,-32,0.821289,-0.362793,0.427246,-0.6875,-0.0625,0.0625,69,34,99,L
30242,-14,-15,-5,-2,-3,-18,-45,-32,0.821289,-0.362793,0.427246,-0.6875,-0.0625,0.0625,69,34,99,L
30151,-14,-14,-20,14,10,7,6,-10,0.836914,-0.357422,0.418945,2.5,-14.5,-6.0625,69,34,99,L
30202,-14,-14,-20,14,10,7,6,-10,0.836914,-0.357422,0.418945,2.5,-14.5,-6.0625,69,34,99,L
41844,-14,-8,-34,-23,4,50,32,-4,0.738281,-0.505859,0.454102,2.375,0.0625,1.25,65,42,143,E
42099,-14,-8,-34,-23,4,50,32,-4,0.738281,-0.505859,0.454102,2.375,0.0625,1.25,65,42,143,E
7031,-14,-4,2,-8,-5,-9,-10,0,0.461914,-0.62207,0.658203,-4.5625,2.5,-1.75,68,62,3,Q
58643,-14,-4,2,-8,-5,-9,-10,0,0.461914,-0.62207,0.658203,-4.5625,2.5,-1.75,68,62,3,Q
4768,-14,-2,-4,4,-2,-1,6,3,0.825684,-0.395508,0.404785,-2.3125,-0.875,0.5,67,33,33,S
4870,-14,-2,-4,4,-2,-1,6,3,0.825684,-0.395508,0.404785,-2.3125,-0.875,0.5,67,33,33,S
41819,-14,-1,32,47,-4,-6,-3,-12,0.746094,-0.501465,0.452148,1.9375,0.1875,1.0625,65,41,143,E
42074,-14,-1,32,47,-4,-6,-3,-12,0.746094,-0.501465,0.452148,1.9375,0.1875,1.0625,65,41,143,E
50420,-14,16,16,0,0,-5,-1,-3,0.864258,-0.315918,0.400879,-6.0,-2.125,-4.75,70,28,164,K
50471,-14,16,16,0,0,-5,-1,-3,0.864258,-0.315918,0.400879,-6.0,-2.125,-4.75,70,28,164,K
50438,-14,17,28,5,-1,4,0,-1,0.871094,-0.306641,0.381348,-2.0,-1.9375,-0.8125,70,28,164,K
50489,-14,17,28,5,-1,4,0,-1,0.871094,-0.306641,0.381348,-2.0,-1.9375,-0.8125,70,28,164,K
50433,-14,22,-10,5,3,14,1,-1,0.859863,-0.300293,0.384277,-2.25,-0.5625,-1.75,70,28,164,K
50484,-14,22,-10,5,3,14,1,-1,0.859863,-0.300293,0.384277,-2.25,-0.5625,-1.75,70,28,164,K
7083,-13,-50,-4,24,6,6,7,5,0.481934,-0.618164,0.665039,0.0,0.0,0.625,68,62,3,Q
58695,-13,-50,-4,24,6,6,7,5,0.481934,-0.618164,0.665039,0.0,0.0,0.625,68,62,3,Q
6950,-13,-25,-48,2,-11,-34,-24,-11,0.463379,-0.634277,0.664062,0.75,-7.0625,4.6875,68,61,3,Q
58562,-13,-25,-48,2,-11,-34,-24,-11,0.463379,-0.634277,0.664062,0.75,-7.0625,4.6875,68,61,3,Q
7116,-13,-17,24,2,3,4,6,0,0.472656,-0.626465,0.650879,-0.375,-0.5,1.875,68,62,4,Q
58728,-13,-17,24,2,3,4,6,0,0.472656,-0.626465,0.650879,-0.375,-0.5,1.875,68,62,4,Q
30159,-13,-12,-26,3,-4,-17,-4,-13,0.823242,-0.375977,0.422852,-0.9375,0.875,-1.4375,69,34,99,L
30210,-13,-12,-26,3,-4,-17,-4,-13,0.823242,-0.375977,0.422852,-0.9375,0.875,-1.4375,69,34,99,L
34451,-13,-11,-63,-26,-2,0,31,-10,0.818359,-0.191406,0.513184,0.8125,-2.4375,-0.9375,79,32,90,B
34502,-13,-11,-63,-26,-2,0,31,-10,0.818359,-0.191406,0.513184,0.8125,-2.4375,-0.9375,79,32,90,B
40977,-13,-10,-23,-22,4,9,24,-7,0.723145,-0.526367,0.46875,-4.625,-0.125,-2.8125,65,43,148,B
41232,-13,-10,-23,-22,4,9,24,-7,0.723145,-0.526367,0.46875,-4.625,-0.125,-2.8125,65,43,148,B
35979,-13,-10,0,-1,-8,-18,-26,-7,0.723633,-0.286133,0.605957,1.8125,-1.5,0.1875,77,41,116,H
36030,-13,-10,0,-1,-8,-18,-26,-7,0.723633,-0.286133,0.605957,1.8125,-1.5,0.1875,77,41,116,H
41850,-13,-8,-22,2,13,10,-30,-3,0.733398,-0.52002,0.452637,1.1875,-0.125,-0.25,65,42,143,E
42105,-13,-8,-22,2,13,10,-30,-3,0.733398,-0.52002,0.452637,1.1875,-0.125,-0.25,65,42,143,E
41784,-13,-7,-9,-7,-11,-24,-30,6,0.758789,-0.51123,0.432129,-1.0,-1.5625,-5.25,65,41,143,E
42039,-13,-7,-9,-7,-11,-24,-30,6,0.758789,-0.51123,0.432129,-1.0,-1.5625,-5.25,65,41,143,E
36002,-13,-5,-2,0,1,19,52,-3,0.722168,-0.287598,0.61377,-0.125,-1.6875,-1.5625,77,41,116,H
36053,-13,-5,-2,0,1,19,52,-3,0.722168,-0.287598,0.61377,-0.125,-1.6875,-1.5625,77,41,116,H
41787,-13,-4,-26,-33,-10,-12,-39,-14,0.755371,-0.47998,0.435547,0.25,3.0,2.875,65,41,143,E
42042,-13,-4,-26,-33,-10,-12,-39,-14,0.755371,-0.47998,0.435547,0.25,3.0,2.875,65,41,143,E
40973,-13,-1,1,-8,3,-21,-23,-10,0.735352,-0.523438,0.455566,4.3125,-1.375,0.5625,65,43,148,B
41228,-13,-1,1,-8,3,-21,-23,-10,0.735352,-0.523438,0.455566,4.3125,-1.375,0.5625,65,43,148,B
34443,-13,0,0,-11,2,-5,-16,-4,0.816406,-0.200684,0.522461,0.875,-6.375,-4.4375,79,32,90,B
34494,-13,0,0,-11,2,-5,-16,-4,0.816406,-0.200684,0.522461,0.875,-6.375,-4.4375,79,32,90,B
41831,-13,0,3,-1,-7,-4,9,-12,0.721191,-0.527832,0.471191,-7.0625,-5.3125,-3.0625,65,44,143,E
42086,-13,0,3,-1,-7,-4,9,-12,0.721191,-0.527832,0.471191,-7.0625,-5.3125,-3.0625,65,44,143,E
7137,-13,4,-33,-26,0,-3,-2,-30,0.463379,-0.631836,0.659668,-0.0625,1.3125,-0.25,68,62,4,Q
58749,-13,4,-33,-26,0,-3,-2,-30,0.463379,-0.631836,0.659668,-0.0625,1.3125,-0.25,68,62,4,Q
7017,-13,7,1,-8,2,50,12,-3,0.473633,-0.631836,0.658203,-0.8125,0.5625,0.25,68,62,3,Q
58629,-13,7,1,-8,2,50,12,-3,0.473633,-0.631836,0.658203,-0.8125,0.5625,0.25,68,62,3,Q
41834,-13,9,83,46,11,11,29,-10,0.736328,-0.513672,0.433594,-2.875,-0.3125,-4.6875,65,43,143,E
42089,-13,9,83,46,11,11,29,-10,0.736328,-0.513672,0.433594,-2.875,-0.3125,-4.6875,65,43,143,E
30162,-13,40,7,1,3,15,-46,-8,0.825684,-0.363281,0.422852,0.0625,0.1875,0.625,69,34,99,L
30213,-13,40,7,1,3,15,-46,-8,0.825684,-0.363281,0.422852,0.0625,0.1875,0.625,69,34,99,L
7053,-13,70,37,10,9,19,10,-4,0.482422,-0.620605,0.662109,0.4375,-0.9375,-0.125,68,62,3,Q
58665,-13,70,37,10,9,19,10,-4,0.482422,-0.620605,0.662109,0.4375,-0.9375,-0.125,68,62,3,Q
7051,-12,-28,-30,3,-4,-6,7,-25,0.48291,-0.626465,0.661621,-0.875,2.9375,2.1875,68,61,3,Q
58663,-12,-28,-30,3,-4,-6,7,-25,0.48291,-0.626465,0.661621,-0.875,2.9375,2.1875,68,61,3,Q
6982,-12,-17,9,0,-7,-24,-8,-5,0.488281,-0.618164,0.657227,-0.3125,0.4375,0.4375,68,61,3,Q
58594,-12,-17,9,0,-7,-24,-8,-5,0.488281,-0.618164,0.657227,-0.3125,0.4375,0.4375,68,61,3,Q
30163,-12,-15,-24,-8,-5,-7,6,0,0.818359,-0.375,0.428223,0.75,-1.0625,-0.5625,69,34,99,L
30214,-12,-15,-24,-8,-5,-7,6,0,0.818359,-0.375,0.428223,0.75,-1.0625,-0.5625,69,34,99,L
35993,-12,-7,-6,-7,-5,-19,4,0,0.724121,-0.289551,0.613281,-0.0625,-2.1875,0.5625,77,41,116,H
36044,-12,-7,-6,-7,-5,-19,4,0,0.724121,-0.289551,0.613281,-0.0625,-2.1875,0.5625,77,41,116,H
53773,-12,0,3,5,-6,-24,-5,-4,0.941406,-0.219727,0.185059,-4.4375,-4.1875,-0.375,63,15,162,X
53875,-12,0,3,5,-6,-24,-5,-4,0.941406,-0.219727,0.185059,-4.4375,-4.1875,-0.375,63,15,162,X
35983,-12,1,-5,2,1,-10,-31,-12,0.73877,-0.270996,0.609375,1.5625,-4.125,1.4375,77,41,116,H
36034,-12,1,-5,2,1,-10,-31,-12,0.73877,-0.270996,0.609375,1.5625,-4.125,1.4375,77,41,116,H
41001,-12,11,34,9,0,-11,-8,-15,0.721191,-0.526367,0.464355,-0.25,-0.9375,-0.0625,65,43,148,B
41256,-12,11,34,9,0,-11,-8,-15,0.721191,-0.526367,0.464355,-0.25,-0.9375,-0.0625,65,43,148,B
7014,-12,37,19,7,-4,-3,-6,-16,0.463867,-0.618652,0.65625,-0.625,0.9375,-0.5625,68,62,3,Q
58626,-12,37,19,7,-4,-3,-6,-16,0.463867,-0.618652,0.65625,-0.625,0.9375,-0.5625,68,62,3,Q
7183,-12,39,-13,-6,-9,4,2,8,0.480469,-0.62207,0.660645,-3.875,6.1875,2.6875,68,62,4,Q
58795,-12,39,-13,-6,-9,4,2,8,0.480469,-0.62207,0.660645,-3.875,6.1875,2.6875,68,62,4,Q
35971,-11,-15,-7,-2,-4,-12,-9,9,0.723145,-0.28418,0.612793,0.0625,-1.1875,-3.625,77,41,115,H
36022,-11,-15,-7,-2,-4,-12,-9,9,0.723145,-0.28418,0.612793,0.0625,-1.1875,-3.625,77,41,115,H
4781,-11,-6,-4,8,2,6,-5,-5,0.827148,-0.40625,0.393555,0.4375,0.5,0.125,67,33,33,S
4883,-11,-6,-4,8,2,6,-5,-5,0.827148,-0.40625,0.393555,0.4375,0.5,0.125,67,33,33,S
41813,-11,-6,42,8,-4,-4,17,-10,0.745605,-0.489258,0.451172,1.25,-0.8125,-0.1875,65,41,143,E
42068,-11,-6,42,8,-4,-4,17,-10,0.745605,-0.489258,0.451172,1.25,-0.8125,-0.1875,65,41,143,E
4789,-11,-3,-9,-8,1,0,6,-2,0.82959,-0.408203,0.393066,0.5625,-0.375,-1.0625,67,33,34,S
4891,-11,-3,-9,-8,1,0,6,-2,0.82959,-0.408203,0.393066,0.5625,-0.375,-1.0625,67,33,34,S
50675,-11,-3,-5,-3,6,14,14,10,0.850586,-0.418457,0.324219,3.0,-1.4375,0.5625,63,31,176,L
50726,-11,-3,-5,-3,6,14,14,10,0.850586,-0.418457,0.324219,3.0,-1.4375,0.5625,63,31,176,L
4790,-11,-1,0,-1,1,-4,3,-1,0.828613,-0.40918,0.391602,-0.375,-0.375,-1.0625,67,33,34,S
4892,-11,-1,0,-1,1,-4,3,-1,0.828613,-0.40918,0.391602,-0.375,-0.375,-1.0625,67,33,34,S
4772,-11,-1,0,2,1,0,-8,1,0.824707,-0.415039,0.391602,1.375,-2.4375,1.9375,67,33,34,S
4874,-11,-1,0,2,1,0,-8,1,0.824707,-0.415039,0.391602,1.375,-2.4375,1.9375,67,33,34,S
41861,-11,1,-3,-3,-3,2,-3,-3,0.743164,-0.496094,0.453125,3.3125,-0.0625,0.625,66,42,143,E
42116,-11,1,-3,-3,-3,2,-3,-3,0.743164,-0.496094,0.453125,3.3125,-0.0625,0.625,66,42,143,E
41802,-11,4,85,58,2,-2,-25,-4,0.74707,-0.49707,0.447266,1.6875,0.4375,-0.375,65,41,143,E
42057,-11,4,85,58,2,-2,-25,-4,0.74707,-0.49707,0.447266,1.6875,0.4375,-0.375,65,41,143,E
30186,-11,5,-30,-6,-4,-13,41,-27,0.813965,-0.37793,0.431641,-0.4375,-0.4375,0.375,69,34,99,L
30237,-11,5,-30,-6,-4,-13,41,-27,0.813965,-0.37793,0.431641,-0.4375,-0.4375,0.375,69,34,99,L
7107,-11,9,-1,7,6,0,7,2,0.479004,-0.632324,0.657227,-0.75,0.6875,0.4375,68,62,4,Q
58719,-11,9,-1,7,6,0,7,2,0.479004,-0.632324,0.657227,-0.75,0.6875,0.4375,68,62,4,Q
7071,-10,-23,-10,-3,-3,8,-8,-17,0.478027,-0.612793,0.663574,0.0625,-0.1875,-1.3125,68,62,3,Q
58683,-10,-23,-10,-3,-3,8,-8,-17,0.478027,-0.612793,0.663574,0.0625,-0.1875,-1.3125,68,62,3,Q
50431,-10,-16,-5,-4,-5,-1,-3,-2,0.876465,-0.280273,0.361328,-1.9375,-1.3125,-0.5625,70,28,164,K
50482,-10,-16,-5,-4,-5,-1,-3,-2,0.876465,-0.280273,0.361328,-1.9375,-1.3125,-0.5625,70,28,164,K
41789,-10,-15,-69,-93,-27,-26,-38,-1,0.744629,-0.506348,0.446289,0.5,0.4375,0.5625,65,41,143,E
42044,-10,-15,-69,-93,-27,-26,-38,-1,0.744629,-0.506348,0.446289,0.5,0.4375,0.5625,65,41,143,E
7082,-10,-15,-16,-15,5,-9,-7,-23,0.478027,-0.611328,0.65918,0.5,0.4375,-0.75,68,62,3,Q
58694,-10,-15,-16,-15,5,-9,-7,-23,0.478027,-0.611328,0.65918,0.5,0.4375,-0.75,68,62,3,Q
50688,-10,-8,-13,-1,-3,-2,-26,-12,0.852539,-0.409668,0.324219,-4.3125,-1.9375,-1.5625,63,31,176,L
50739,-10,-8,-13,-1,-3,-2,-26,-12,0.852539,-0.409668,0.324219,-4.3125,-1.9375,-1.5625,63,31,176,L
41845,-10,-6,-41,-20,0,16,30,11,0.736816,-0.52002,0.455566,-0.625,-1.0,0.125,65,42,143,E
42100,-10,-6,-41,-20,0,16,30,11,0.736816,-0.52002,0.455566,-0.625,-1.0,0.125,65,42,143,E
53777,-10,-3,-4,-2,0,6,-3,-2,0.95166,-0.240723,0.171387,8.6875,-0.3125,0.125,62,16,163,X
53879,-10,-3,-4,-2,0,6,-3,-2,0.95166,-0.240723,0.171387,8.6875,-0.3125,0.125,62,16,163,X
35992,-10,-3,-1,0,-2,-8,-26,-7,0.720703,-0.287109,0.61084,0.25,-2.0,0.125,77,41,116,H
36043,-10,-3,-1,0,-2,-8,-26,-7,0.720703,-0.287109,0.61084,0.25,-2.0,0.125,77,41,116,H
40976,-10,-3,18,21,-12,-9,0,-3,0.734863,-0.504883,0.462402,5.0,-0.625,0.4375,65,43,148,B
41231,-10,-3,18,21,-12,-9,0,-3,0.734863,-0.504883,0.462402,5.0,-0.625,0.4375,65,43,148,B
50661,-10,-1,-2,0,1,6,-10,-16,0.857422,-0.367188,0.281738,0.5,-6.3125,-5.4375,63,31,176,L
50712,-10,-1,-2,0,1,6,-10,-16,0.857422,-0.367188,0.281738,0.5,-6.3125,-5.4375,63,31,176,L
35965,-10,0,-8,-4,-2,20,5,-5,0.741699,-0.299805,0.584961,-2.1875,4.125,13.1875,77,40,116,H
36016,-10,0,-8,-4,-2,20,5,-5,0.741699,-0.299805,0.584961,-2.1875,4.125,13.1875,77,40,116,H
41832,-10,0,22,41,0,-7,-2,-10,0.746094,-0.506836,0.43457,5.75,-6.3125,0.25,65,43,143,E
42087,-10,0,22,41,0,-7,-2,-10,0.746094,-0.506836,0.43457,5.75,-6.3125,0.25,65,43,143,E
7069,-9,-65,-49,1,-4,-17,2,11,0.479004,-0.614746,0.664551,-0.1875,0.0625,0.75,68,62,3,Q
58681,-9,-65,-49,1,-4,-17,2,11,0.479004,-0.614746,0.664551,-0.1875,0.0625,0.75,68,62,3,Q
6979,-9,-22,-12,-6,-5,30,32,5,0.489258,-0.615234,0.655273,-0.1875,-0.4375,0.0625,68,61,3,Q
58591,-9,-22,-12,-6,-5,30,32,5,0.489258,-0.615234,0.655273,-0.1875,-0.4375,0.0625,68,61,3,Q
35454,-9,-15,-1,6,2,27,19,-18,0.686035,-0.5625,0.493164,5.9375,-6.125,-10.5,65,46,125,F
35505,-9,-15,-1,6,2,27,19,-18,0.686035,-0.5625,0.493164,5.9375,-6.125,-10.5,65,46,125,F
7020,-9,-13,1,-3,-10,-32,-15,-9,0.473145,-0.628906,0.651367,0.0,0.375,-0.5,68,62,3,Q
58632,-9,-13,1,-3,-10,-32,-15,-9,0.473145,-0.628906,0.651367,0.0,0.375,-0.5,68,62,3,Q
36005,-9,-9,-9,-2,-6,-8,1,-12,0.725098,-0.291504,0.614746,1.125,-2.1875,-0.5625,77,41,116,H
36056,-9,-9,-9,-2,-6,-8,1,-12,0.725098,-0.291504,0.614746,1.125,-2.1875,-0.5625,77,41,116,H
6976,-9,-8,-16,-7,-2,14,-1,28,0.492676,-0.617676,0.65332,-0.125,0.9375,0.25,68,61,3,Q
58588,-9,-8,-16,-7,-2,14,-1,28,0.492676,-0.617676,0.65332,-0.125,0.9375,0.25,68,61,3,Q
40988,-9,-7,-18,-6,-1,2,1,-4,0.729004,-0.525879,0.457031,-0.6875,-0.625,-0.3125,65,43,148,B
41243,-9,-7,-18,-6,-1,2,1,-4,0.729004,-0.525879,0.457031,-0.6875,-0.625,-0.3125,65,43,148,B
51030,-9,-7,-14,0,-1,0,-8,-5,0.830078,-0.436523,0.394043,-1.4375,-3.4375,-8.8125,65,34,16,N
51234,-9,-7,-14,0,-1,0,-8,-5,0.830078,-0.436523,0.394043,-1.4375,-3.4375,-8.8125,65,34,16,N
41783,-9,-6,-31,-16,10,-13,-2,-3,0.750977,-0.490723,0.437012,3.8125,-4.8125,-5.0625,65,41,143,E
42038,-9,-6,-31,-16,10,-13,-2,-3,0.750977,-0.490723,0.437012,3.8125,-4.8125,-5.0625,65,41,143,E
53796,-9,-4,-4,-2,-5,-1,0,-3,0.939941,-0.212891,0.177246,1.0,-1.3125,0.0,63,15,162,X
53898,-9,-4,-4,-2,-5,-1,0,-3,0.939941,-0.212891,0.177246,1.0,-1.3125,0.0,63,15,162,X
4770,-9,-3,4,-6,-2,-3,9,-4,0.82666,-0.399414,0.402344,1.5625,-3.375,4.8125,67,33,33,S
4872,-9,-3,4,-6,-2,-3,9,-4,0.82666,-0.399414,0.402344,1.5625,-3.375,4.8125,67,33,33,S
4785,-9,-2,3,-2,-1,-1,-5,-3,0.833496,-0.394043,0.38623,-0.0625,-0.8125,1.4375,67,33,34,S
4887,-9,-2,3,-2,-1,-1,-5,-3,0.833496,-0.394043,0.38623,-0.0625,-0.8125,1.4375,67,33,34,S
41779,-9,-1,-14,-24,-34,-14,-9,5,0.706543,-0.520508,0.470215,0.0625,-8.5625,-5.875,65,43,143,E
42034,-9,-1,-14,-24,-34,-14,-9,5,0.706543,-0.520508,0.470215,0.0625,-8.5625,-5.875,65,43,143,E
4764,-9,-1,-5,10,3,9,3,-10,0.827148,-0.390625,0.393066,6.1875,-6.5,-4.1875,68,34,32,S
4866,-9,-1,-5,10,3,9,3,-10,0.827148,-0.390625,0.393066,6.1875,-6.5,-4.1875,68,34,32,S
6936,-9,-1,-1,0,-7,4,5,-15,0.461426,-0.619629,0.680176,0.875,-0.125,0.625,68,63,1,Q
58548,-9,-1,-1,0,-7,4,5,-15,0.461426,-0.619629,0.680176,0.875,-0.125,0.625,68,63,1,Q
30180,-9,-1,23,-2,-4,20,-34,-65,0.824219,-0.367676,0.416016,-0.5625,-0.3125,0.3125,69,34,99,L
30231,-9,-1,23,-2,-4,20,-34,-65,0.824219,-0.367676,0.416016,-0.5625,-0.3125,0.3125,69,34,99,L
30182,-9,0,3,-12,-3,3,61,10,0.827148,-0.376465,0.422852,0.0625,0.25,0.4375,69,34,99,L
30233,-9,0,3,-12,-3,3,61,10,0.827148,-0.376465,0.422852,0.0625,0.25,0.4375,69,34,99,L
41865,-9,2,16,8,-1,6,6,6,0.739746,-0.516602,0.458496,-1.1875,0.3125,-0.8125,66,42,143,E
42120,-9,2,16,8,-1,6,6,6,0.739746,-0.516602,0.458496,-1.1875,0.3125,-0.8125,66,42,143,E
41859,-9,6,42,6,12,-1,12,-1,0.747559,-0.519531,0.455078,2.8125,0.5,-0.1875,65,42,143,E
42114,-9,6,42,6,12,-1,12,-1,0.747559,-0.519531,0.455078,2.8125,0.5,-0.1875,65,42,143,E
7156,-9,114,21,-10,-10,-2,-3,-36,0.490723,-0.611328,0.665039,0.125,-0.8125,1.125,68,62,4,Q
58768,-9,114,21,-10,-10,-2,-3,-36,0.490723,-0.611328,0.665039,0.125,-0.8125,1.125,68,62,4,Q
30183,-8,-17,-6,-3,0,0,43,11,0.824707,-0.383789,0.436035,0.625,-0.1875,0.5,69,34,99,L
30234,-8,-17,-6,-3,0,0,43,11,0.824707,-0.383789,0.436035,0.625,-0.1875,0.5,69,34,99,L
30147,-8,-13,43,4,-10,-9,-1,-50,0.70459,-0.556641,0.552246,6.8125,-24.6875,-1.125,70,40,97,L
30198,-8,-13,43,4,-10,-9,-1,-50,0.70459,-0.556641,0.552246,6.8125,-24.6875,-1.125,70,40,97,L
51044,-8,-8,-13,-9,-5,-6,-11,13,0.821289,-0.40625,0.35791,1.875,-1.875,2.3125,65,33,16,N
51248,-8,-8,-13,-9,-5,-6,-11,13,0.821289,-0.40625,0.35791,1.875,-1.875,2.3125,65,33,16,N
41849,-8,-7,-13,-15,-13,-11,32,5,0.737305,-0.495117,0.45166,-0.0625,0.375,-0.4375,65,42,143,E
42104,-8,-7,-13,-15,-13,-11,32,5,0.737305,-0.495117,0.45166,-0.0625,0.375,-0.4375,65,42,143,E
53754,-8,-6,-2,-1,-4,-4,4,1,0.936523,-0.182617,0.179199,0.1875,7.5625,1.375,63,16,162,X
53856,-8,-6,-2,-1,-4,-4,4,1,0.936523,-0.182617,0.179199,0.1875,7.5625,1.375,63,16,162,X
41839,-8,-6,66,77,13,-6,-15,-25,0.745605,-0.49707,0.451172,5.1875,-0.375,1.5625,65,42,143,E
42094,-8,-6,66,77,13,-6,-15,-25,0.745605,-0.49707,0.451172,5.1875,-0.375,1.5625,65,42,143,E
41798,-8,-5,-28,-4,-9,-23,-30,-5,0.748047,-0.489258,0.445801,0.5625,0.625,0.125,65,41,143,E
42053,-8,-5,-28,-4,-9,-23,-30,-5,0.748047,-0.489258,0.445801,0.5625,0.625,0.125,65,41,143,E
7141,-8,-5,2,1,-4,1,1,0,0.433105,-0.625,0.689453,-0.3125,-0.3125,0.3125,68,65,3,Q
58753,-8,-5,2,1,-4,1,1,0,0.433105,-0.625,0.689453,-0.3125,-0.3125,0.3125,68,65,3,Q
7035,-8,-4,-21,-4,1,-20,-12,-26,0.460449,-0.645996,0.651367,2.625,0.125,-2.25,67,62,3,Q
58647,-8,-4,-21,-4,1,-20,-12,-26,0.460449,-0.645996,0.651367,2.625,0.125,-2.25,67,62,3,Q
34469,-8,-4,55,21,15,26,-25,0,0.81543,-0.202148,0.520508,1.0,-2.4375,-0.5625,79,32,90,B
34520,-8,-4,55,21,15,26,-25,0,0.81543,-0.202148,0.520508,1.0,-2.4375,-0.5625,79,32,90,B
53704,-8,-3,-15,-17,5,1,3,-9,0.935059,-0.281738,0.26123,-0.6875,-1.3125,-6.4375,63,18,160,X
53806,-8,-3,-15,-17,5,1,3,-9,0.935059,-0.281738,0.26123,-0.6875,-1.3125,-6.4375,63,18,160,X
51015,-8,-3,-5,1,-18,-21,-11,4,0.839355,-0.387695,0.362793,7.375,-7.375,5.8125,66,32,15,N
51219,-8,-3,-5,1,-18,-21,-11,4,0.839355,-0.387695,0.362793,7.375,-7.375,5.8125,66,32,15,N
7036,-8,-2,-20,-8,-2,-11,4,-22,0.472168,-0.631836,0.658203,2.5625,2.4375,-6.0,68,62,3,Q
58648,-8,-2,-20,-8,-2,-11,4,-22,0.472168,-0.631836,0.658203,2.5625,2.4375,-6.0,68,62,3,Q
6965,-8,1,33,2,-3,7,3,-8,0.489746,-0.619629,0.656738,0.25,0.625,-0.9375,68,61,3,Q
58577,-8,1,33,2,-3,7,3,-8,0.489746,-0.619629,0.656738,0.25,0.625,-0.9375,68,61,3,Q
4771,-8,2,-8,0,-1,3,1,-2,0.828125,-0.408691,0.393066,1.3125,-3.9375,3.5,67,33,33,S
4873,-8,2,-8,0,-1,3,1,-2,0.828125,-0.408691,0.393066,1.3125,-3.9375,3.5,67,33,33,S
41812,-8,2,4,-14,4,8,-23,-9,0.741211,-0.507324,0.455078,-1.0625,0.4375,-0.125,65,41,143,E
42067,-8,2,4,-14,4,8,-23,-9,0.741211,-0.507324,0.455078,-1.0625,0.4375,-0.125,65,41,143,E
35994,-8,7,-1,-1,-1,9,39,2,0.720215,-0.291504,0.625488,0.5625,-2.375,-0.3125,77,41,116,H
36045,-8,7,-1,-1,-1,9,39,2,0.720215,-0.291504,0.625488,0.5625,-2.375,-0.3125,77,41,116,H
41856,-8,9,52,84,5,-18,-21,1,0.734863,-0.494629,0.453613,0.875,-1.0625,0.625,65,42,143,E
42111,-8,9,52,84,5,-18,-21,1,0.734863,-0.494629,0.453613,0.875,-1.0625,0.625,65,42,143,E
30177,-8,25,14,1,0,1,23,-12,0.817383,-0.360352,0.436523,1.6875,-0.1875,0.625,69,34,99,L
30228,-8,25,14,1,0,1,23,-12,0.817383,-0.360352,0.436523,1.6875,-0.1875,0.625,69,34,99,L
7061,-7,-48,-21,-7,1,-20,-6,21,0.488281,-0.614746,0.661133,0.3125,-0.5,0.625,68,62,3,Q
58673,-7,-48,-21,-7,1,-20,-6,21,0.488281,-0.614746,0.661133,0.3125,-0.5,0.625,68,62,3,Q
41836,-7,-7,-24,-9,6,-5,-6,9,0.727051,-0.499512,0.470215,-6.4375,-0.25,-6.9375,65,42,143,E
42091,-7,-7,-24,-9,6,-5,-6,9,0.727051,-0.499512,0.470215,-6.4375,-0.25,-6.9375,65,42,143,E
53708,-7,-7,-21,-20,-7,4,5,-5,0.949219,-0.202148,0.166992,-0.3125,-1.6875,0.75,63,15,160,X
53810,-7,-7,-21,-20,-7,4,5,-5,0.949219,-0.202148,0.166992,-0.3125,-1.6875,0.75,63,15,160,X
51010,-7,-7,1,11,14,-1,0,7,0.839844,-0.293945,0.379395,-19.5,16.25,0.75,67,31,15,N
51214,-7,-7,1,11,14,-1,0,7,0.839844,-0.293945,0.379395,-19.5,16.25,0.75,67,31,15,N
35469,-7,-6,-4,-4,-3,-5,-5,-15,0.686035,-0.535156,0.498535,0.625,-2.1875,-0.4375,65,45,126,F
35520,-7,-6,-4,-4,-3,-5,-5,-15,0.686035,-0.535156,0.498535,0.625,-2.1875,-0.4375,65,45,126,F
7027,-7,-4,-19,-1,0,11,1,13,0.503418,-0.621582,0.645996,-0.0625,-3.1875,-1.1875,68,62,3,Q
58639,-7,-4,-19,-1,0,11,1,13,0.503418,-0.621582,0.645996,-0.0625,-3.1875,-1.1875,68,62,3,Q
51023,-7,-4,-7,7,18,23,-9,-1,0.820801,-0.444824,0.375488,-4.0,-2.3125,2.6875,65,33,16,N
51227,-7,-4,-7,7,18,23,-9,-1,0.820801,-0.444824,0.375488,-4.0,-2.3125,2.6875,65,33,16,N
6943,-7,-4,4,2,-1,-1,3,5,0.459473,-0.64502,0.67041,9.9375,-7.6875,-14.5,69,62,1,Q
58555,-7,-4,4,2,-1,-1,3,5,0.459473,-0.64502,0.67041,9.9375,-7.6875,-14.5,69,62,1,Q
4766,-7,-2,5,9,5,-4,-7,-7,0.83252,-0.384277,0.407715,-3.9375,1.5625,2.75,68,33,33,S
4868,-7,-2,5,9,5,-4,-7,-7,0.83252,-0.384277,0.407715,-3.9375,1.5625,2.75,68,33,33,S
50651,-7,-1,1,5,30,74,7,-2,0.853027,-0.361328,0.304199,13.875,4.3125,0.875,63,31,177,L
50702,-7,-1,1,5,30,74,7,-2,0.853027,-0.361328,0.304199,13.875,4.3125,0.875,63,31,177,L
7016,-7,0,11,5,-2,-9,-4,8,0.488281,-0.622559,0.655273,0.0,0.375,0.375,68,62,3,Q
58628,-7,0,11,5,-2,-9,-4,8,0.488281,-0.622559,0.655273,0.0,0.375,0.375,68,62,3,Q
34442,-7,9,31,-7,-16,-38,-43,6,0.80957,-0.200684,0.537598,0.5,-3.8125,-0.6875,79,32,90,B
34493,-7,9,31,-7,-16,-38,-43,6,0.80957,-0.200684,0.537598,0.5,-3.8125,-0.6875,79,32,90,B
6973,-7,11,3,-5,-5,-14,-8,-3,0.48291,-0.612305,0.652832,-0.75,0.375,0.375,68,61,3,Q
58585,-7,11,3,-5,-5,-14,-8,-3,0.48291,-0.612305,0.652832,-0.75,0.375,0.375,68,61,3,Q
7160,-6,-112,-42,3,-6,-10,-4,-5,0.479492,-0.623047,0.655273,-0.25,0.0625,0.6875,68,62,4,Q
58772,-6,-112,-42,3,-6,-10,-4,-5,0.479492,-0.623047,0.655273,-0.25,0.0625,0.6875,68,62,4,Q
40959,-6,-13,-76,-64,-2,-3,4,-1,0.585449,-0.719727,0.529297,-28.375,6.9375,-18.9375,64,50,149,B
41214,-6,-13,-76,-64,-2,-3,4,-1,0.585449,-0.719727,0.529297,-28.375,6.9375,-18.9375,64,50,149,B
41862,-6,-12,-70,-28,7,2,28,14,0.740723,-0.510742,0.452637,-0.125,-0.625,0.125,66,42,143,E
42117,-6,-12,-70,-28,7,2,28,14,0.740723,-0.510742,0.452637,-0.125,-0.625,0.125,66,42,143,E
35460,-6,-12,-9,-5,-3,-13,-1,-14,0.683594,-0.530762,0.496094,-1.5,-8.5625,-5.4375,66,45,125,F
35511,-6,-12,-9,-5,-3,-13,-1,-14,0.683594,-0.530762,0.496094,-1.5,-8.5625,-5.4375,66,45,125,F
7139,-6,-9,-11,4,-1,-20,-13,-14,0.469727,-0.628418,0.656738,0.125,0.9375,-1.25,68,62,4,Q
58751,-6,-9,-11,4,-1,-20,-13,-14,0.469727,-0.628418,0.656738,0.125,0.9375,-1.25,68,62,4,Q
41794,-6,-6,-28,-50,-21,-6,12,3,0.749512,-0.494629,0.44043,-0.25,-0.1875,0.625,65,41,143,E
42049,-6,-6,-28,-50,-21,-6,12,3,0.749512,-0.494629,0.44043,-0.25,-0.1875,0.625,65,41,143,E
35468,-6,-5,3,-11,3,-13,-20,-13,0.675781,-0.539062,0.489746,0.3125,-2.6875,-1.5625,65,45,126,F
35519,-6,-5,3,-11,3,-13,-20,-13,0.675781,-0.539062,0.489746,0.3125,-2.6875,-1.5625,65,45,126,F
50425,-6,-5,3,11,1,-9,-3,-1,0.867676,-0.277344,0.385742,2.1875,-3.625,0.75,70,28,164,K
50476,-6,-5,3,11,1,-9,-3,-1,0.867676,-0.277344,0.385742,2.1875,-3.625,0.75,70,28,164,K
53770,-6,-4,-4,7,4,13,-1,-3,0.957031,-0.21582,0.173828,11.5625,-1.125,5.5,63,15,161,X
53872,-6,-4,-4,7,4,13,-1,-3,0.957031,-0.21582,0.173828,11.5625,-1.125,5.5,63,15,161,X
41827,-6,-4,21,-3,-29,-14,19,6,0.666504,-0.665039,0.504883,-16.4375,2.5,-2.875,65,47,143,E
42082,-6,-4,21,-3,-29,-14,19,6,0.666504,-0.665039,0.504883,-16.4375,2.5,-2.875,65,47,143,E
41801,-6,-3,-32,-28,-7,-1,3,5,0.745117,-0.50293,0.45752,-0.5625,-0.375,-0.3125,65,41,143,E
42056,-6,-3,-32,-28,-7,-1,3,5,0.745117,-0.50293,0.45752,-0.5625,-0.375,-0.3125,65,41,143,E
4750,-6,-3,-10,-2,-2,26,-5,-12,0.70459,-0.331543,0.578125,-24.4375,27.6875,6.5,71,35,26,S
4852,-6,-3,-10,-2,-2,26,-5,-12,0.70459,-0.331543,0.578125,-24.4375,27.6875,6.5,71,35,26,S
50653,-6,-3,-8,3,4,-12,-43,-66,0.834473,-0.486328,0.279785,-28.9375,13.5625,2.625,64,32,176,L
50704,-6,-3,-8,3,4,-12,-43,-66,0.834473,-0.486328,0.279785,-28.9375,13.5625,2.625,64,32,176,L
4769,-6,0,0,3,0,-1,-2,-3,0.821289,-0.393555,0.390625,-1.75,-1.375,2.625,67,33,33,S
4871,-6,0,0,3,0,-1,-2,-3,0.821289,-0.393555,0.390625,-1.75,-1.375,2.625,67,33,33,S
53738,-6,0,5,7,3,-7,-1,4,0.94873,-0.192383,0.169922,8.25,-1.4375,5.75,63,15,160,X
53840,-6,0,5,7,3,-7,-1,4,0.94873,-0.192383,0.169922,8.25,-1.4375,5.75,63,15,160,X
7075,-6,1,-5,3,1,7,-9,-49,0.479004,-0.620117,0.659668,0.8125,-0.4375,0.4375,68,62,3,Q
58687,-6,1,-5,3,1,7,-9,-49,0.479004,-0.620117,0.659668,0.8125,-0.4375,0.4375,68,62,3,Q
53760,-6,1,6,0,-5,4,0,0,0.928223,-0.235352,0.21875,-6.4375,-1.625,-4.6875,64,15,160,X
53862,-6,1,6,0,-5,4,0,0,0.928223,-0.235352,0.21875,-6.4375,-1.625,-4.6875,64,15,160,X
34433,-6,1,9,3,-8,-30,-5,-8,0.805664,-0.164551,0.520508,9.8125,-8.75,-4.875,78,33,89,B
34484,-6,1,9,3,-8,-30,-5,-8,0.805664,-0.164551,0.520508,9.8125,-8.75,-4.875,78,33,89,B
41848,-6,2,-15,-10,2,-11,-7,7,0.733887,-0.528809,0.462402,1.125,0.0625,-0.1875,65,42,143,E
42103,-6,2,-15,-10,2,-11,-7,7,0.733887,-0.528809,0.462402,1.125,0.0625,-0.1875,65,42,143,E
41000,-6,3,-10,6,4,23,48,-6,0.733398,-0.499023,0.46582,1.0,-0.5,0.6875,65,43,148,B
41255,-6,3,-10,6,4,23,48,-6,0.733398,-0.499023,0.46582,1.0,-0.5,0.6875,65,43,148,B
34461,-6,3,23,-4,-7,12,21,8,0.819824,-0.19873,0.516602,-0.125,-0.9375,0.375,79,32,90,B
34512,-6,3,23,-4,-7,12,21,8,0.819824,-0.19873,0.516602,-0.125,-0.9375,0.375,79,32,90,B
7127,-6,31,-6,-12,1,3,5,28,0.472656,-0.623535,0.654785,0.125,-1.25,2.8125,68,62,4,Q
58739,-6,31,-6,-12,1,3,5,28,0.472656,-0.623535,0.654785,0.125,-1.25,2.8125,68,62,4,Q
30146,-6,37,-9,-1,10,39,22,-6,0.810059,-0.470215,0.441406,3.0,-12.3125,13.5625,70,40,97,L
30197,-6,37,-9,-1,10,39,22,-6,0.810059,-0.470215,0.441406,3.0,-12.3125,13.5625,70,40,97,L
51043,-5,-31,-14,-9,-8,-21,-1,-3,0.82666,-0.411621,0.36377,-5.5,-1.375,0.0625,65,33,16,N
51247,-5,-31,-14,-9,-8,-21,-1,-3,0.82666,-0.411621,0.36377,-5.5,-1.375,0.0625,65,33,16,N
41868,-5,-26,-15,13,8,7,-55,-16,0.743652,-0.510742,0.455566,-0.4375,0.0625,-0.1875,66,42,143,E
42123,-5,-26,-15,13,8,7,-55,-16,0.743652,-0.510742,0.455566,-0.4375,0.0625,-0.1875,66,42,143,E
7167,-5,-25,0,3,8,16,10,-2,0.478516,-0.625977,0.662598,-0.375,0.625,1.375,68,62,4,Q
58779,-5,-25,0,3,8,16,10,-2,0.478516,-0.625977,0.662598,-0.375,0.625,1.375,68,62,4,Q
51039,-5,-20,-14,5,11,7,7,-2,0.825684,-0.412109,0.395508,2.5,-0.8125,-3.8125,65,33,16,N
51243,-5,-20,-14,5,11,7,7,-2,0.825684,-0.412109,0.395508,2.5,-0.8125,-3.8125,65,33,16,N
35467,-5,-8,-2,-3,1,-8,-17,-12,0.683105,-0.543457,0.501953,1.125,-2.5625,0.3125,65,45,126,F
35518,-5,-8,-2,-3,1,-8,-17,-12,0.683105,-0.543457,0.501953,1.125,-2.5625,0.3125,65,45,126,F
50408,-5,-7,-54,-8,-1,25,-1,-4,0.855469,-0.290527,0.383301,-0.625,-0.4375,3.625,70,28,164,K
50459,-5,-7,-54,-8,-1,25,-1,-4,0.855469,-0.290527,0.383301,-0.625,-0.4375,3.625,70,28,164,K
50664,-5,-7,-3,-2,10,18,-1,10,0.831543,-0.394043,0.310547,0.5625,-1.375,0.5625,63,30,176,L
50715,-5,-7,-3,-2,10,18,-1,10,0.831543,-0.394043,0.310547,0.5625,-1.375,0.5625,63,30,176,L
34453,-5,-7,18,4,20,4,27,30,0.812012,-0.189453,0.518555,-0.125,-1.5625,0.625,79,32,90,B
34504,-5,-7,18,4,20,4,27,30,0.812012,-0.189453,0.518555,-0.125,-1.5625,0.625,79,32,90,B
53729,-5,-6,-19,-4,-7,-3,-4,-3,0.950195,-0.251465,0.200195,8.8125,-1.3125,1.3125,63,16,160,X
53831,-5,-6,-19,-4,-7,-3,-4,-3,0.950195,-0.251465,0.200195,8.8125,-1.3125,1.3125,63,16,160,X
50684,-5,-6,-7,4,-4,-5,5,21,0.844727,-0.39502,0.302246,-1.0,-1.1875,-0.625,63,31,176,L
50735,-5,-6,-7,4,-4,-5,5,21,0.844727,-0.39502,0.302246,-1.0,-1.1875,-0.625,63,31,176,L
50673,-5,-6,6,0,-3,-5,9,-15,0.836914,-0.387207,0.324707,1.375,-1.125,0.625,63,31,176,L
50724,-5,-6,6,0,-3,-5,9,-15,0.836914,-0.387207,0.324707,1.375,-1.125,0.625,63,31,176,L
50419,-5,-4,-23,-13,-5,-5,-3,-4,0.865723,-0.283203,0.367676,5.125,-0.9375,4.75,70,28,164,K
50470,-5,-4,-23,-13,-5,-5,-3,-4,0.865723,-0.283203,0.367676,5.125,-0.9375,4.75,70,28,164,K
53799,-5,-4,6,4,4,5,-5,-13,0.947266,-0.211914,0.182129,3.0,-0.5625,-0.1875,63,15,162,X
53901,-5,-4,6,4,4,5,-5,-13,0.947266,-0.211914,0.182129,3.0,-0.5625,-0.1875,63,15,162,X
4787,-5,-3,-3,-14,-7,-2,-1,-7,0.826172,-0.404785,0.380859,0.5,0.5,1.25,67,33,34,S
4889,-5,-3,-3,-14,-7,-2,-1,-7,0.826172,-0.404785,0.380859,0.5,0.5,1.25,67,33,34,S
53706,-5,-3,1,1,0,3,0,1,0.923828,-0.221191,0.216797,0.0625,-11.0,-12.25,63,16,160,X
53808,-5,-3,1,1,0,3,0,1,0.923828,-0.221191,0.216797,0.0625,-11.0,-12.25,63,16,160,X
41805,-5,-3,3,6,-3,-29,-20,-7,0.746094,-0.497559,0.45166,0.5,-0.6875,0.125,65,41,143,E
42060,-5,-3,3,6,-3,-29,-20,-7,0.746094,-0.497559,0.45166,0.5,-0.6875,0.125,65,41,143,E
4780,-5,-3,5,-4,-2,-15,-10,-2,0.82666,-0.397949,0.381836,-0.5,0.25,-0.125,67,33,33,S
4882,-5,-3,5,-4,-2,-15,-10,-2,0.82666,-0.397949,0.381836,-0.5,0.25,-0.125,67,33,33,S
50683,-5,-2,0,-2,2,2,-5,-18,0.852539,-0.438477,0.336426,0.6875,-2.25,-1.5625,63,31,176,L
50734,-5,-2,0,-2,2,2,-5,-18,0.852539,-0.438477,0.336426,0.6875,-2.25,-1.5625,63,31,176,L
48555,-5,-2,2,9,10,17,5,2,0.933105,-0.160645,0.201172,4.75,-2.5625,1.25,67,14,50,D
48606,-5,-2,2,9,10,17,5,2,0.933105,-0.160645,0.201172,4.75,-2.5625,1.25,67,14,50,D
48598,-5,-2,11,-5,-2,4,-8,-3,0.946777,-0.18457,0.183105,-0.0625,-1.3125,0.125,67,14,50,D
48649,-5,-2,11,-5,-2,4,-8,-3,0.946777,-0.18457,0.183105,-0.0625,-1.3125,0.125,67,14,50,D
53718,-5,-1,2,-1,-8,-1,-8,-7,0.922852,-0.259277,0.190918,-1.75,-2.8125,-2.4375,62,16,161,X
53820,-5,-1,2,-1,-8,-1,-8,-7,0.922852,-0.259277,0.190918,-1.75,-2.8125,-2.4375,62,16,161,X
41860,-5,0,-12,-8,-4,-17,-15,-18,0.735352,-0.509766,0.456055,0.75,0.25,-1.1875,66,42,143,E
42115,-5,0,-12,-8,-4,-17,-15,-18,0.735352,-0.509766,0.456055,0.75,0.25,-1.1875,66,42,143,E
51047,-5,0,0,1,-3,1,-3,-22,0.84082,-0.414062,0.369141,3.3125,-0.75,-0.5625,65,33,16,N
51251,-5,0,0,1,-3,1,-3,-22,0.84082,-0.414062,0.369141,3.3125,-0.75,-0.5625,65,33,16,N
4793,-5,0,1,0,3,8,2,1,0.837402,-0.397461,0.388184,0.25,-0.0625,-1.625,67,33,34,S
4895,-5,0,1,0,3,8,2,1,0.837402,-0.397461,0.388184,0.25,-0.0625,-1.625,67,33,34,S
41815,-5,1,2,-10,-5,-11,-24,-26,0.750488,-0.491699,0.449707,0.875,-0.5,0.3125,65,41,143,E
42070,-5,1,2,-10,-5,-11,-24,-26,0.750488,-0.491699,0.449707,0.875,-0.5,0.3125,65,41,143,E
53761,-5,2,5,2,-2,3,3,1,0.963379,-0.174316,0.169434,-1.25,-4.3125,-1.375,63,15,161,X
53863,-5,2,5,2,-2,3,3,1,0.963379,-0.174316,0.169434,-1.25,-4.3125,-1.375,63,15,161,X
35962,-5,3,-1,-2,6,27,42,18,0.752441,-0.290527,0.580566,6.9375,-31.5,-0.0625,78,41,114,H
36013,-5,3,-1,-2,6,27,42,18,0.752441,-0.290527,0.580566,6.9375,-31.5,-0.0625,78,41,114,H
35984,-5,3,3,3,-1,6,16,-1,0.728027,-0.299805,0.609863,0.125,1.5,2.375,77,41,116,H
36035,-5,3,3,3,-1,6,16,-1,0.728027,-0.299805,0.609863,0.125,1.5,2.375,77,41,116,H
6983,-5,7,6,3,5,18,8,0,0.493164,-0.611816,0.654297,-0.5,0.625,-0.0625,68,61,3,Q
58595,-5,7,6,3,5,18,8,0,0.493164,-0.611816,0.654297,-0.5,0.625,-0.0625,68,61,3,Q
40971,-5,8,44,21,-2,-13,-32,-4,0.71875,-0.537109,0.463379,-2.5625,-2.375,-5.125,65,43,148,B
41226,-5,8,44,21,-2,-13,-32,-4,0.71875,-0.537109,0.463379,-2.5625,-2.375,-5.125,65,43,148,B
40997,-5,9,12,-12,-6,2,5,-5,0.734375,-0.507324,0.468262,1.8125,-0.1875,0.625,65,43,148,B
41252,-5,9,12,-12,-6,2,5,-5,0.734375,-0.507324,0.468262,1.8125,-0.1875,0.625,65,43,148,B
7070,-5,11,-7,3,-1,-10,-5,-17,0.480957,-0.618164,0.65332,0.75,-0.0625,0.5625,68,62,3,Q
58682,-5,11,-7,3,-1,-10,-5,-17,0.480957,-0.618164,0.65332,0.75,-0.0625,0.5625,68,62,3,Q
50401,-5,18,-6,-10,-2,4,1,4,0.84375,-0.231445,0.335938,7.5625,-1.8125,1.9375,69,27,163,K
50452,-5,18,-6,-10,-2,4,1,4,0.84375,-0.231445,0.335938,7.5625,-1.8125,1.9375,69,27,163,K
7055,-5,22,-4,1,0,-11,-4,-3,0.486328,-0.611328,0.658203,0.4375,0.6875,-1.3125,68,62,3,Q
58667,-5,22,-4,1,0,-11,-4,-3,0.486328,-0.611328,0.658203,0.4375,0.6875,-1.3125,68,62,3,Q
7056,-5,60,13,-26,0,26,17,18,0.487305,-0.613281,0.662598,0.1875,0.6875,-0.375,68,62,3,Q
58668,-5,60,13,-26,0,26,17,18,0.487305,-0.613281,0.662598,0.1875,0.6875,-0.375,68,62,3,Q
7067,-4,-36,5,28,1,-1,12,-6,0.478027,-0.612305,0.663086,0.0,0.0625,1.4375,68,62,3,Q
58679,-4,-36,5,28,1,-1,12,-6,0.478027,-0.612305,0.663086,0.0,0.0625,1.4375,68,62,3,Q
7175,-4,-31,-19,11,5,-3,-4,-12,0.475098,-0.622559,0.646484,1.125,-1.4375,1.5,68,62,4,Q
58787,-4,-31,-19,11,5,-3,-4,-12,0.475098,-0.622559,0.646484,1.125,-1.4375,1.5,68,62,4,Q
7129,-4,-29,-24,17,-7,8,5,-6,0.472656,-0.62793,0.655273,-0.3125,0.1875,-0.875,68,62,4,Q
58741,-4,-29,-24,17,-7,8,5,-6,0.472656,-0.62793,0.655273,-0.3125,0.1875,-0.875,68,62,4,Q
7146,-4,-28,-10,-7,1,-1,-4,1,0.455566,-0.598633,0.679688,-4.4375,-1.4375,-16.6875,68,64,3,Q
58758,-4,-28,-10,-7,1,-1,-4,1,0.455566,-0.598633,0.679688,-4.4375,-1.4375,-16.6875,68,64,3,Q
7084,-4,-19,12,3,-2,-46,-19,-34,0.481445,-0.610352,0.666504,0.375,-1.25,0.375,68,62,3,Q
58696,-4,-19,12,3,-2,-46,-19,-34,0.481445,-0.610352,0.666504,0.375,-1.25,0.375,68,62,3,Q
35964,-4,-15,-12,-9,-7,-13,-29,-28,0.767578,-0.239258,0.576172,0.75,-12.0,15.625,77,39,115,H
36015,-4,-15,-12,-9,-7,-13,-29,-28,0.767578,-0.239258,0.576172,0.75,-12.0,15.625,77,39,115,H
35981,-4,-15,4,2,2,-1,-14,-23,0.740234,-0.282227,0.61084,1.5625,-2.5,0.5,77,41,116,H
36032,-4,-15,4,2,2,-1,-14,-23,0.740234,-0.282227,0.61084,1.5625,-2.5,0.5,77,41,116,H
7057,-4,-15,10,-32,-8,-18,-7,-22,0.476562,-0.614258,0.662598,-0.3125,1.1875,-0.75,68,62,3,Q
58669,-4,-15,10,-32,-8,-18,-7,-22,0.476562,-0.614258,0.662598,-0.3125,1.1875,-0.75,68,62,3,Q
51036,-4,-14,-10,1,6,-13,-8,5,0.821289,-0.441406,0.384766,-1.0625,-1.75,-0.5625,65,33,16,N
51240,-4,-14,-10,1,6,-13,-8,5,0.821289,-0.441406,0.384766,-1.0625,-1.75,-0.5625,65,33,16,N
40982,-4,-12,10,20,-3,-20,-6,0,0.736328,-0.521484,0.458984,-2.4375,0.0625,-0.5625,65,43,148,B
41237,-4,-12,10,20,-3,-20,-6,0,0.736328,-0.521484,0.458984,-2.4375,0.0625,-0.5625,65,43,148,B
41826,-4,-10,-53,-3,-5,17,-22,-8,0.666992,-0.538086,0.504883,-6.5625,-3.125,3.0625,66,47,143,E
42081,-4,-10,-53,-3,-5,17,-22,-8,0.666992,-0.538086,0.504883,-6.5625,-3.125,3.0625,66,47,143,E
41851,-4,-7,-88,-73,-9,5,13,-4,0.742676,-0.499023,0.450684,-0.125,0.125,-0.1875,65,42,143,E
42106,-4,-7,-88,-73,-9,5,13,-4,0.742676,-0.499023,0.450684,-0.125,0.125,-0.1875,65,42,143,E
51005,-4,-7,-9,1,6,-4,-3,-9,0.671875,-0.504883,0.566895,-4.1875,-12.5,0.375,67,33,15,N
51209,-4,-7,-9,1,6,-4,-3,-9,0.671875,-0.504883,0.566895,-4.1875,-12.5,0.375,67,33,15,N
35448,-4,-6,-1,-1,0,5,-7,-7,0.649902,-0.557129,0.491699,-0.75,-1.3125,-2.625,65,47,125,F
35499,-4,-6,-1,-1,0,5,-7,-7,0.649902,-0.557129,0.491699,-0.75,-1.3125,-2.625,65,47,125,F
30153,-4,-5,-13,-10,-7,-18,1,-20,0.842773,-0.374023,0.39209,-0.6875,2.0625,-0.375,69,33,99,L
30204,-4,-5,-13,-10,-7,-18,1,-20,0.842773,-0.374023,0.39209,-0.6875,2.0625,-0.375,69,33,99,L
41857,-4,-4,-38,-36,-19,-15,-19,25,0.73584,-0.512207,0.455078,-1.3125,-0.375,-0.5625,65,42,143,E
42112,-4,-4,-38,-36,-19,-15,-19,25,0.73584,-0.512207,0.455078,-1.3125,-0.375,-0.5625,65,42,143,E
41786,-4,-4,-17,-26,8,8,-16,-7,0.744629,-0.499023,0.449707,0.5,2.0,0.875,65,41,143,E
42041,-4,-4,-17,-26,8,8,-16,-7,0.744629,-0.499023,0.449707,0.5,2.0,0.875,65,41,143,E
48566,-4,-4,-8,-8,2,-47,-12,-4,0.95752,-0.165527,0.183105,-3.3125,-1.5,-1.1875,67,14,49,D
48617,-4,-4,-8,-8,2,-47,-12,-4,0.95752,-0.165527,0.183105,-3.3125,-1.5,-1.1875,67,14,49,D
48556,-4,-4,-1,-7,-14,-5,2,-2,0.961914,-0.188965,0.172852,-1.3125,-1.625,1.375,67,14,50,D
48607,-4,-4,-1,-7,-14,-5,2,-2,0.961914,-0.188965,0.172852,-1.3125,-1.625,1.375,67,14,50,D
53768,-4,-3,7,12,3,4,-4,-6,0.95459,-0.218262,0.181152,6.0,-1.8125,3.125,63,15,161,X
53870,-4,-3,7,12,3,4,-4,-6,0.95459,-0.218262,0.181152,6.0,-1.8125,3.125,63,15,161,X
41864,-4,-2,-18,-21,1,1,-13,4,0.744629,-0.508789,0.446289,1.375,0.25,0.6875,66,42,143,E
42119,-4,-2,-18,-21,1,1,-13,4,0.744629,-0.508789,0.446289,1.375,0.25,0.6875,66,42,143,E
53733,-4,-2,-13,-8,-3,2,-7,2,0.932129,-0.245605,0.197754,-3.4375,-1.875,-4.9375,63,15,160,X
53835,-4,-2,-13,-8,-3,2,-7,2,0.932129,-0.245605,0.197754,-3.4375,-1.875,-4.9375,63,15,160,X
50649,-4,-2,-3,-3,3,-1,-2,0,0.836914,-0.442383,0.317871,-0.625,-0.9375,-1.6875,63,31,177,L
50700,-4,-2,-3,-3,3,-1,-2,0,0.836914,-0.442383,0.317871,-0.625,-0.9375,-1.6875,63,31,177,L
53723,-4,-2,8,15,2,2,-2,-1,0.942871,-0.219238,0.187012,9.25,-2.5,2.75,63,16,161,X
53825,-4,-2,8,15,2,2,-2,-1,0.942871,-0.219238,0.187012,9.25,-2.5,2.75,63,16,161,X
40994,-4,-2,28,10,5,6,-13,-9,0.734375,-0.504883,0.463379,0.0,0.0625,0.75,65,43,148,B
41249,-4,-2,28,10,5,6,-13,-9,0.734375,-0.504883,0.463379,0.0,0.0625,0.75,65,43,148,B
50676,-4,-1,-3,-3,-2,5,5,24,0.84082,-0.427246,0.322754,-4.8125,-2.3125,0.4375,63,31,176,L
50727,-4,-1,-3,-3,-2,5,5,24,0.84082,-0.427246,0.322754,-4.8125,-2.3125,0.4375,63,31,176,L
35494,-4,-1,1,-6,-12,-15,-5,-6,0.672852,-0.550293,0.496094,0.125,-1.8125,-0.6875,65,46,127,F
35545,-4,-1,1,-6,-12,-15,-5,-6,0.672852,-0.550293,0.496094,0.125,-1.8125,-0.6875,65,46,127,F
35484,-4,-1,9,2,-6,-23,-11,-7,0.679688,-0.547363,0.491211,-0.4375,-1.25,0.25,65,46,126,F
35535,-4,-1,9,2,-6,-23,-11,-7,0.679688,-0.547363,0.491211,-0.4375,-1.25,0.25,65,46,126,F
41003,-4,0,-14,-3,-4,-13,0,-3,0.731445,-0.515137,0.459473,-0.75,-0.5625,-0.375,65,43,148,B
41258,-4,0,-14,-3,-4,-13,0,-3,0.731445,-0.515137,0.459473,-0.75,-0.5625,-0.375,65,43,148,B
1371,-4,0,2,0,-2,-4,-9,-6,0.836914,-0.431152,0.307129,-0.25,-0.875,-0.625,62,31,46,F
1372,-4,0,2,0,-2,-4,-9,-6,0.836914,-0.431152,0.307129,-0.25,-0.875,-0.625,62,31,46,F
1373,-4,0,2,0,-2,-4,-9,-6,0.836914,-0.431152,0.307129,-0.25,-0.875,-0.625,62,31,46,F
1374,-4,0,2,0,-2,-4,-9,-6,0.836914,-0.431152,0.307129,-0.25,-0.875,-0.625,62,31,46,F
1375,-4,0,2,0,-2,-4,-9,-6,0.836914,-0.431152,0.307129,-0.25,-0.875,-0.625,62,31,46,F
1376,-4,0,2,0,-2,-4,-9,-6,0.836914,-0.431152,0.307129,-0.25,-0.875,-0.625,62,31,46,F
53751,-4,0,4,3,5,5,-3,-8,0.954102,-0.189453,0.186523,8.1875,-3.25,2.75,64,16,160,X
53853,-4,0,4,3,5,5,-3,-8,0.954102,-0.189453,0.186523,8.1875,-3.25,2.75,64,16,160,X
53710,-4,1,1,-7,-5,1,5,4,0.960449,-0.17041,0.129883,3.375,2.9375,8.9375,63,16,160,X
53812,-4,1,1,-7,-5,1,5,4,0.960449,-0.17041,0.129883,3.375,2.9375,8.9375,63,16,160,X
48558,-4,1,1,5,11,-3,-8,-3,0.950195,-0.197754,0.192383,-2.75,-0.875,-3.0,66,14,50,D
48609,-4,1,1,5,11,-3,-8,-3,0.950195,-0.197754,0.192383,-2.75,-0.875,-3.0,66,14,50,D
40990,-4,1,16,0,-1,5,31,-13,0.726074,-0.522949,0.470703,1.25,-0.3125,0.375,65,43,148,B
41245,-4,1,16,0,-1,5,31,-13,0.726074,-0.522949,0.470703,1.25,-0.3125,0.375,65,43,148,B
40993,-4,2,-13,10,-3,12,25,3,0.723633,-0.528809,0.472168,-1.75,0.0,-0.3125,65,43,148,B
41248,-4,2,-13,10,-3,12,25,3,0.723633,-0.528809,0.472168,-1.75,0.0,-0.3125,65,43,148,B
41809,-4,3,-21,-18,0,5,31,10,0.740234,-0.503418,0.454102,-0.25,-0.3125,-0.6875,65,41,143,E
42064,-4,3,-21,-18,0,5,31,10,0.740234,-0.503418,0.454102,-0.25,-0.3125,-0.6875,65,41,143,E
50666,-4,3,1,-2,-8,-24,-32,-8,0.855957,-0.408691,0.31543,8.75,-0.1875,0.5,63,30,176,L
50717,-4,3,1,-2,-8,-24,-32,-8,0.855957,-0.408691,0.31543,8.75,-0.1875,0.5,63,30,176,L
51016,-4,4,10,2,-5,-1,6,0,0.835449,-0.405273,0.391113,-12.6875,5.4375,-2.125,66,33,15,N
51220,-4,4,10,2,-5,-1,6,0,0.835449,-0.405273,0.391113,-12.6875,5.4375,-2.125,66,33,15,N
7124,-4,22,-15,-5,2,-12,-4,9,0.482422,-0.624512,0.64502,0.5625,-1.125,-1.5625,68,62,4,Q
58736,-4,22,-15,-5,2,-12,-4,9,0.482422,-0.624512,0.64502,0.5625,-1.125,-1.5625,68,62,4,Q
6985,-4,22,5,-1,0,-12,-5,6,0.491211,-0.616211,0.654785,-0.1875,0.1875,0.0,68,61,3,Q
58597,-4,22,5,-1,0,-12,-5,6,0.491211,-0.616211,0.654785,-0.1875,0.1875,0.0,68,61,3,Q
30148,-4,52,-41,7,3,18,7,-6,0.790039,-0.339844,0.40625,0.1875,-32.625,-20.5625,70,37,98,L
30199,-4,52,-41,7,3,18,7,-6,0.790039,-0.339844,0.40625,0.1875,-32.625,-20.5625,70,37,98,L
7136,-3,-74,-18,-27,-4,12,-9,-40,0.479004,-0.625488,0.652344,0.0,-0.125,0.125,68,62,4,Q
58748,-3,-74,-18,-27,-4,12,-9,-40,0.479004,-0.625488,0.652344,0.0,-0.125,0.125,68,62,4,Q
30164,-3,-20,1,2,8,17,-7,46,0.819336,-0.357422,0.422852,-1.75,-1.0,0.3125,69,34,99,L
30215,-3,-20,1,2,8,17,-7,46,0.819336,-0.357422,0.422852,-1.75,-1.0,0.3125,69,34,99,L
7148,-3,-18,-16,-46,-10,0,-3,-9,0.49707,-0.486328,0.694336,-10.9375,-0.4375,-6.125,69,62,3,Q
58760,-3,-18,-16,-46,-10,0,-3,-9,0.49707,-0.486328,0.694336,-10.9375,-0.4375,-6.125,69,62,3,Q
7021,-3,-16,-27,0,2,26,11,14,0.481934,-0.623535,0.65918,-0.0625,-0.4375,-0.8125,68,62,3,Q
58633,-3,-16,-27,0,2,26,11,14,0.481934,-0.623535,0.65918,-0.0625,-0.4375,-0.8125,68,62,3,Q
51037,-3,-13,-10,2,7,7,10,-2,0.821777,-0.416504,0.373535,-0.75,-1.9375,-2.6875,65,33,16,N
51241,-3,-13,-10,2,7,7,10,-2,0.821777,-0.416504,0.373535,-0.75,-1.9375,-2.6875,65,33,16,N
35977,-3,-11,-13,-11,-14,-6,8,-9,0.734863,-0.290039,0.599121,0.375,-0.875,1.125,77,41,116,H
36028,-3,-11,-13,-11,-14,-6,8,-9,0.734863,-0.290039,0.599121,0.375,-0.875,1.125,77,41,116,H
36000,-3,-9,-7,-1,-1,6,16,-8,0.722656,-0.294434,0.61084,0.25,-1.4375,-0.75,77,41,116,H
36051,-3,-9,-7,-1,-1,6,16,-8,0.722656,-0.294434,0.61084,0.25,-1.4375,-0.75,77,41,116,H
50678,-3,-6,-15,-8,0,1,2,-3,0.838867,-0.441406,0.338867,-3.75,-1.0625,-0.5625,63,31,176,L
50729,-3,-6,-15,-8,0,1,2,-3,0.838867,-0.441406,0.338867,-3.75,-1.0625,-0.5625,63,31,176,L
50679,-3,-6,-8,-3,-4,-9,-2,10,0.836426,-0.401367,0.333496,3.1875,-1.875,-1.625,63,31,176,L
50730,-3,-6,-8,-3,-4,-9,-2,10,0.836426,-0.401367,0.333496,3.1875,-1.875,-1.625,63,31,176,L
40961,-3,-5,-33,-14,10,-2,-6,-1,0.672363,-0.563965,0.537109,-5.5625,-11.6875,-16.375,64,49,148,B
41216,-3,-5,-33,-14,10,-2,-6,-1,0.672363,-0.563965,0.537109,-5.5625,-11.6875,-16.375,64,49,148,B
35473,-3,-5,4,1,5,0,-8,-7,0.679688,-0.537598,0.491211,0.375,-2.75,1.75,65,46,126,F
35524,-3,-5,4,1,5,0,-8,-7,0.679688,-0.537598,0.491211,0.375,-2.75,1.75,65,46,126,F
35959,-3,-4,-6,-5,-10,-35,-67,-2,0.648926,-0.259277,0.683594,10.5625,-21.375,11.8125,79,45,112,H
36010,-3,-4,-6,-5,-10,-35,-67,-2,0.648926,-0.259277,0.683594,10.5625,-21.375,11.8125,79,45,112,H
35451,-3,-4,0,3,6,10,1,-3,0.650391,-0.550781,0.523926,4.125,-2.625,5.5,65,47,125,F
35502,-3,-4,0,3,6,10,1,-3,0.650391,-0.550781,0.523926,4.125,-2.625,5.5,65,47,125,F
40966,-3,-3,-10,-9,2,8,-12,12,0.651855,-0.558105,0.482422,-6.0625,-4.25,-8.6875,64,46,148,B
41221,-3,-3,-10,-9,2,8,-12,12,0.651855,-0.558105,0.482422,-6.0625,-4.25,-8.6875,64,46,148,B
35470,-3,-3,-1,0,-4,-12,-5,-11,0.686523,-0.542969,0.487793,0.25,-1.25,0.0625,65,45,126,F
35521,-3,-3,-1,0,-4,-12,-5,-11,0.686523,-0.542969,0.487793,0.25,-1.25,0.0625,65,45,126,F
35474,-3,-3,-1,0,1,-10,13,-10,0.672363,-0.54248,0.489258,0.3125,-2.5625,0.9375,65,46,126,F
35525,-3,-3,-1,0,1,-10,13,-10,0.672363,-0.54248,0.489258,0.3125,-2.5625,0.9375,65,46,126,F
53756,-3,-3,3,11,7,9,3,-4,0.934082,-0.272461,0.13623,-13.375,3.75,2.0625,63,16,161,X
53858,-3,-3,3,11,7,9,3,-4,0.934082,-0.272461,0.13623,-13.375,3.75,2.0625,63,16,161,X
53709,-3,-2,-14,0,8,-11,-5,-3,0.936035,-0.232422,0.216797,-5.375,-2.5625,-2.3125,63,15,160,X
53811,-3,-2,-14,0,8,-11,-5,-3,0.936035,-0.232422,0.216797,-5.375,-2.5625,-2.3125,63,15,160,X
51001,-3,-2,-4,-4,-8,-2,-6,-25,0.82666,-0.396973,0.397949,3.0,-3.4375,0.625,67,33,15,N
51205,-3,-2,-4,-4,-8,-2,-6,-25,0.82666,-0.396973,0.397949,3.0,-3.4375,0.625,67,33,15,N
51050,-3,-2,-4,1,-5,-2,1,2,0.832031,-0.410156,0.396973,-2.25,-0.9375,-3.125,65,33,15,N
51254,-3,-2,-4,1,-5,-2,1,2,0.832031,-0.410156,0.396973,-2.25,-0.9375,-3.125,65,33,15,N
35495,-3,-2,-3,-10,-9,-9,-25,-7,0.681152,-0.54248,0.490723,0.0,-1.75,0.125,65,46,127,F
35546,-3,-2,-3,-10,-9,-9,-25,-7,0.681152,-0.54248,0.490723,0.0,-1.75,0.125,65,46,127,F
48559,-3,-2,-2,4,0,2,-29,-3,0.953125,-0.164062,0.197754,-0.6875,0.5,0.5,67,14,50,D
48610,-3,-2,-2,4,0,2,-29,-3,0.953125,-0.164062,0.197754,-0.6875,0.5,0.5,67,14,50,D
53717,-3,-2,-1,5,9,-1,-11,-29,0.950195,-0.218262,0.183105,12.0625,-4.375,0.5625,62,16,161,X
53819,-3,-2,-1,5,9,-1,-11,-29,0.950195,-0.218262,0.183105,12.0625,-4.375,0.5625,62,16,161,X
48568,-3,-2,0,-4,-2,-29,-42,-10,0.943848,-0.18457,0.205078,2.3125,-1.4375,1.375,67,14,49,D
48619,-3,-2,0,-4,-2,-29,-42,-10,0.943848,-0.18457,0.205078,2.3125,-1.4375,1.375,67,14,49,D
4758,-3,-2,2,-30,-7,-9,-2,-1,0.802246,-0.450684,0.399902,5.6875,-7.875,-2.0625,66,36,32,S
4860,-3,-2,2,-30,-7,-9,-2,-1,0.802246,-0.450684,0.399902,5.6875,-7.875,-2.0625,66,36,32,S
48575,-3,-1,-22,-25,-1,-3,-2,2,0.946289,-0.164551,0.188477,0.1875,-1.6875,0.6875,67,14,49,D
48626,-3,-1,-22,-25,-1,-3,-2,2,0.946289,-0.164551,0.188477,0.1875,-1.6875,0.6875,67,14,49,D
51031,-3,-1,-8,-3,-6,-14,-6,4,0.815918,-0.393066,0.36377,1.0,-3.125,-4.875,65,33,15,N
51235,-3,-1,-8,-3,-6,-14,-6,4,0.815918,-0.393066,0.36377,1.0,-3.125,-4.875,65,33,15,N
41820,-3,-1,-1,-2,-1,-3,-1,-1,0.696289,-0.546875,0.485352,0.3125,-0.0625,-0.0625,65,46,143,E
42075,-3,-1,-1,-2,-1,-3,-1,-1,0.696289,-0.546875,0.485352,0.3125,-0.0625,-0.0625,65,46,143,E
53804,-3,-1,1,2,2,5,13,1,0.946289,-0.222656,0.172363,-1.6875,-0.5625,-2.3125,63,15,162,X
53906,-3,-1,1,2,2,5,13,1,0.946289,-0.222656,0.172363,-1.6875,-0.5625,-2.3125,63,15,162,X
48578,-3,-1,9,11,0,1,31,7,0.953125,-0.198242,0.199707,-0.5,-0.125,0.0,67,14,49,D
48629,-3,-1,9,11,0,1,31,7,0.953125,-0.198242,0.199707,-0.5,-0.125,0.0,67,14,49,D
41829,-3,-1,13,4,-9,-23,18,-13,0.756348,-0.51123,0.498535,-4.5,-10.3125,-14.875,65,45,143,E
42084,-3,-1,13,4,-9,-23,18,-13,0.756348,-0.51123,0.498535,-4.5,-10.3125,-14.875,65,45,143,E
34429,-3,-1,17,0,-16,-16,-7,-1,0.775879,-0.233398,0.544922,4.75,-3.8125,-3.875,77,35,90,B
34480,-3,-1,17,0,-16,-16,-7,-1,0.775879,-0.233398,0.544922,4.75,-3.8125,-3.875,77,35,90,B
53794,-3,0,-6,1,1,0,0,-1,0.946289,-0.203125,0.171387,4.9375,-2.5625,1.625,63,15,162,X
53896,-3,0,-6,1,1,0,0,-1,0.946289,-0.203125,0.171387,4.9375,-2.5625,1.625,63,15,162,X
41823,-3,0,0,-2,0,21,6,9,0.688477,-0.530273,0.501465,1.4375,3.8125,-3.125,66,47,143,E
42078,-3,0,0,-2,0,21,6,9,0.688477,-0.530273,0.501465,1.4375,3.8125,-3.125,66,47,143,E
48593,-3,0,0,1,3,1,3,-3,0.942871,-0.179199,0.191895,8.375,-2.4375,2.5,67,14,50,D
48644,-3,0,0,1,3,1,3,-3,0.942871,-0.179199,0.191895,8.375,-2.4375,2.5,67,14,50,D
53803,-3,0,8,5,3,-13,-7,-4,0.941406,-0.234375,0.185547,1.125,-0.875,-1.3125,63,15,162,X
53905,-3,0,8,5,3,-13,-7,-4,0.941406,-0.234375,0.185547,1.125,-0.875,-1.3125,63,15,162,X
48596,-3,1,3,0,0,-2,-9,-2,0.944824,-0.20752,0.209473,0.75,-0.625,-4.1875,67,14,50,D
48647,-3,1,3,0,0,-2,-9,-2,0.944824,-0.20752,0.209473,0.75,-0.625,-4.1875,67,14,50,D
48590,-3,1,12,8,-2,-66,-2,1,0.953613,-0.175293,0.18457,-1.625,-2.25,-2.0,67,14,49,D
48641,-3,1,12,8,-2,-66,-2,1,0.953613,-0.175293,0.18457,-1.625,-2.25,-2.0,67,14,49,D
53714,-3,1,13,12,3,1,-7,1,0.955566,-0.186523,0.141113,3.6875,-3.125,3.0625,62,16,161,X
53816,-3,1,13,12,3,1,-7,1,0.955566,-0.186523,0.141113,3.6875,-3.125,3.0625,62,16,161,X
41797,-3,2,4,-21,2,-7,12,-5,0.745117,-0.500977,0.455078,-0.75,0.6875,0.3125,65,41,143,E
42052,-3,2,4,-21,2,-7,12,-5,0.745117,-0.500977,0.455078,-0.75,0.6875,0.3125,65,41,143,E
53707,-3,2,4,0,-5,-6,-15,0,0.976562,-0.164551,0.172363,-1.4375,-9.75,-8.5,63,16,160,X
53809,-3,2,4,0,-5,-6,-15,0,0.976562,-0.164551,0.172363,-1.4375,-9.75,-8.5,63,16,160,X
41816,-3,4,6,30,1,-2,1,8,0.746094,-0.515137,0.451172,0.3125,-0.125,-0.125,65,41,143,E
42071,-3,4,6,30,1,-2,1,8,0.746094,-0.515137,0.451172,0.3125,-0.125,-0.125,65,41,143,E
7062,-3,5,33,5,-1,-36,-11,-2,0.477051,-0.612793,0.662598,0.4375,0.125,-0.75,68,62,3,Q
58674,-3,5,33,5,-1,-36,-11,-2,0.477051,-0.612793,0.662598,0.4375,0.125,-0.75,68,62,3,Q
6988,-3,16,0,-2,-1,-2,0,-5,0.450195,-0.635254,0.676758,1.5625,-1.25,-0.875,68,64,2,Q
58600,-3,16,0,-2,-1,-2,0,-5,0.450195,-0.635254,0.676758,1.5625,-1.25,-0.875,68,64,2,Q
34457,-3,17,-25,0,-7,-12,10,1,0.815918,-0.198242,0.516113,-0.6875,0.6875,0.3125,79,32,90,B
34508,-3,17,-25,0,-7,-12,10,1,0.815918,-0.198242,0.516113,-0.6875,0.6875,0.3125,79,32,90,B
7178,-3,17,7,-5,2,-3,-3,-2,0.475098,-0.623047,0.65332,0.6875,-0.125,-1.5,68,62,4,Q
58790,-3,17,7,-5,2,-3,-3,-2,0.475098,-0.623047,0.65332,0.6875,-0.125,-1.5,68,62,4,Q
30157,-3,29,0,3,-8,-15,12,-19,0.82373,-0.372559,0.420898,-1.625,1.0625,3.0,69,34,99,L
30208,-3,29,0,3,-8,-15,12,-19,0.82373,-0.372559,0.420898,-1.625,1.0625,3.0,69,34,99,L
7052,-2,-80,-10,-42,-12,3,6,5,0.474121,-0.625488,0.666016,-0.5625,1.1875,0.5,68,62,3,Q
58664,-2,-80,-10,-42,-12,3,6,5,0.474121,-0.625488,0.666016,-0.5625,1.1875,0.5,68,62,3,Q
7091,-2,-25,-3,-3,-1,-1,-2,-9,0.439453,-0.617676,0.691406,5.1875,-4.9375,2.875,68,64,3,Q
58703,-2,-25,-3,-3,-1,-1,-2,-9,0.439453,-0.617676,0.691406,5.1875,-4.9375,2.875,68,64,3,Q
30185,-2,-22,-14,7,2,4,5,-34,0.828125,-0.376465,0.425781,-0.125,-0.375,1.3125,69,34,99,L
30236,-2,-22,-14,7,2,4,5,-34,0.828125,-0.376465,0.425781,-0.125,-0.375,1.3125,69,34,99,L
6941,-2,-20,-14,-2,-1,-2,3,4,0.460449,-0.616211,0.677246,1.9375,-1.0,0.875,68,63,1,Q
58553,-2,-20,-14,-2,-1,-2,3,4,0.460449,-0.616211,0.677246,1.9375,-1.0,0.875,68,63,1,Q
51033,-2,-13,-15,0,3,-5,-4,0,0.821289,-0.409668,0.383301,2.875,-2.4375,4.8125,65,33,16,N
51237,-2,-13,-15,0,3,-5,-4,0,0.821289,-0.409668,0.383301,2.875,-2.4375,4.8125,65,33,16,N
50689,-2,-12,-18,-10,-3,-1,-12,-27,0.853516,-0.425293,0.313965,4.0625,-2.0625,-0.25,63,31,176,L
50740,-2,-12,-18,-10,-3,-1,-12,-27,0.853516,-0.425293,0.313965,4.0625,-2.0625,-0.25,63,31,176,L
35967,-2,-10,-4,-2,-2,-29,-31,-3,0.717773,-0.309082,0.594727,-1.3125,4.1875,1.625,76,40,116,H
36018,-2,-10,-4,-2,-2,-29,-31,-3,0.717773,-0.309082,0.594727,-1.3125,4.1875,1.625,76,40,116,H
6937,-2,-8,-8,-3,-11,-14,-11,-62,0.463379,-0.615723,0.673828,0.0,0.0,0.4375,68,63,1,Q
58549,-2,-8,-8,-3,-11,-14,-11,-62,0.463379,-0.615723,0.673828,0.0,0.0,0.4375,68,63,1,Q
34432,-2,-7,-28,7,14,50,69,11,0.820312,-0.26416,0.531738,2.25,-13.4375,-14.3125,78,34,90,B
34483,-2,-7,-28,7,14,50,69,11,0.820312,-0.26416,0.531738,2.25,-13.4375,-14.3125,78,34,90,B
51045,-2,-7,-13,3,16,13,0,4,0.828613,-0.451172,0.389648,-1.625,-2.3125,0.375,65,33,16,N
51249,-2,-7,-13,3,16,13,0,4,0.828613,-0.451172,0.389648,-1.625,-2.3125,0.375,65,33,16,N
41782,-2,-5,-99,-25,-3,-16,-39,5,0.766113,-0.473633,0.424316,-2.375,-2.6875,-4.875,65,42,143,E
42037,-2,-5,-99,-25,-3,-16,-39,5,0.766113,-0.473633,0.424316,-2.375,-2.6875,-4.875,65,42,143,E
40964,-2,-4,-25,-21,4,3,4,-2,0.694336,-0.584473,0.472168,-2.6875,-4.5,-10.4375,64,47,149,B
41219,-2,-4,-25,-21,4,3,4,-2,0.694336,-0.584473,0.472168,-2.6875,-4.5,-10.4375,64,47,149,B
53788,-2,-4,0,6,-3,-9,0,-2,0.938965,-0.185059,0.154785,8.9375,-0.9375,3.75,63,15,162,X
53890,-2,-4,0,6,-3,-9,0,-2,0.938965,-0.185059,0.154785,8.9375,-0.9375,3.75,63,15,162,X
53747,-2,-3,-16,-16,-5,0,0,2,0.943359,-0.200195,0.164551,5.375,0.5,-0.125,64,16,160,X
53849,-2,-3,-16,-16,-5,0,0,2,0.943359,-0.200195,0.164551,5.375,0.5,-0.125,64,16,160,X
48601,-2,-3,-16,-13,-4,-5,-8,-1,0.953613,-0.17334,0.183105,2.5625,-1.6875,0.625,67,14,50,D
48652,-2,-3,-16,-13,-4,-5,-8,-1,0.953613,-0.17334,0.183105,2.5625,-1.6875,0.625,67,14,50,D
53752,-2,-3,-16,-3,-2,-5,-5,-2,0.944336,-0.230469,0.18457,-2.4375,-2.3125,0.1875,64,15,160,X
53854,-2,-3,-16,-3,-2,-5,-5,-2,0.944336,-0.230469,0.18457,-2.4375,-2.3125,0.1875,64,15,160,X
41770,-2,-3,-5,-4,2,2,-4,-3,0.677246,-0.532227,0.492188,1.25,6.875,-4.75,65,47,144,E
42025,-2,-3,-5,-4,2,2,-4,-3,0.677246,-0.532227,0.492188,1.25,6.875,-4.75,65,47,144,E
53731,-2,-3,-5,-3,-3,-10,-2,-5,0.948242,-0.259766,0.214355,3.375,-2.625,-3.125,63,16,160,X
53833,-2,-3,-5,-3,-3,-10,-2,-5,0.948242,-0.259766,0.214355,3.375,-2.625,-3.125,63,16,160,X
48553,-2,-3,-4,0,-7,-14,8,0,0.958008,-0.16748,0.187988,4.4375,0.3125,-0.0625,66,14,50,D
48604,-2,-3,-4,0,-7,-14,8,0,0.958008,-0.16748,0.187988,4.4375,0.3125,-0.0625,66,14,50,D
48599,-2,-3,-4,0,4,24,40,11,0.941895,-0.180664,0.20166,-5.4375,-0.9375,-0.5625,67,14,50,D
48650,-2,-3,-4,0,4,24,40,11,0.941895,-0.180664,0.20166,-5.4375,-0.9375,-0.5625,67,14,50,D
35452,-2,-3,-2,-1,-12,-7,-18,-14,0.656738,-0.57959,0.515625,4.75,-9.875,-1.25,65,47,125,F
35503,-2,-3,-2,-1,-12,-7,-18,-14,0.656738,-0.57959,0.515625,4.75,-9.875,-1.25,65,47,125,F
53716,-2,-3,-2,5,-10,-1,13,6,0.9375,-0.228516,0.209961,2.4375,-3.8125,-1.5,62,16,161,X
53818,-2,-3,-2,5,-10,-1,13,6,0.9375,-0.228516,0.209961,2.4375,-3.8125,-1.5,62,16,161,X
35997,-2,-3,-1,1,-2,1,0,-8,0.722168,-0.30127,0.614258,-0.0625,-1.25,-0.3125,77,41,116,H
36048,-2,-3,-1,1,-2,1,0,-8,0.722168,-0.30127,0.614258,-0.0625,-1.25,-0.3125,77,41,116,H
41804,-2,-2,-19,-16,-9,6,-8,-11,0.749512,-0.490234,0.448242,-0.375,-0.1875,0.375,65,41,143,E
42059,-2,-2,-19,-16,-9,6,-8,-11,0.749512,-0.490234,0.448242,-0.375,-0.1875,0.375,65,41,143,E
53725,-2,-2,-12,-17,5,18,4,-4,0.943359,-0.234863,0.188965,5.3125,-1.75,-0.0625,63,16,161,X
53827,-2,-2,-12,-17,5,18,4,-4,0.943359,-0.234863,0.188965,5.3125,-1.75,-0.0625,63,16,161,X
48552,-2,-2,-6,-10,-19,-26,-6,-4,0.951172,-0.181152,0.186523,1.375,-3.625,-3.25,66,14,50,D
48603,-2,-2,-6,-10,-19,-26,-6,-4,0.951172,-0.181152,0.186523,1.375,-3.625,-3.25,66,14,50,D
35472,-2,-2,-6,-1,4,-11,-10,-3,0.674805,-0.540527,0.496582,0.375,-2.0625,1.375,65,46,126,F
35523,-2,-2,-6,-1,4,-11,-10,-3,0.674805,-0.540527,0.496582,0.375,-2.0625,1.375,65,46,126,F
35478,-2,-2,-4,2,1,-3,10,-2,0.674805,-0.543457,0.493164,0.4375,-2.1875,0.3125,65,46,126,F
35529,-2,-2,-4,2,1,-3,10,-2,0.674805,-0.543457,0.493164,0.4375,-2.1875,0.3125,65,46,126,F
50643,-2,-2,-2,-3,-5,-3,-5,0,0.845703,-0.433594,0.328125,-1.6875,0.5,-2.9375,62,31,177,L
50694,-2,-2,-2,-3,-5,-3,-5,0,0.845703,-0.433594,0.328125,-1.6875,0.5,-2.9375,62,31,177,L
53749,-2,-2,0,-1,-3,-1,2,-1,0.953613,-0.175781,0.175781,6.0625,-0.1875,1.3125,64,16,160,X
53851,-2,-2,0,-1,-3,-1,2,-1,0.953613,-0.175781,0.175781,6.0625,-0.1875,1.3125,64,16,160,X
48565,-2,-2,0,-1,-3,0,-13,0,0.950684,-0.192871,0.211426,-1.0,-0.625,0.5625,67,14,49,D
48616,-2,-2,0,-1,-3,0,-13,0,0.950684,-0.192871,0.211426,-1.0,-0.625,0.5625,67,14,49,D
53724,-2,-2,1,4,-3,12,2,3,0.955566,-0.215332,0.15332,-1.375,-0.25,0.9375,63,16,161,X
53826,-2,-2,1,4,-3,12,2,3,0.955566,-0.215332,0.15332,-1.375,-0.25,0.9375,63,16,161,X
40980,-2,-1,-4,10,4,20,16,-1,0.726562,-0.514648,0.464844,-3.8125,-0.125,-2.1875,65,43,148,B
41235,-2,-1,-4,10,4,20,16,-1,0.726562,-0.514648,0.464844,-3.8125,-0.125,-2.1875,65,43,148,B
35455,-2,-1,-3,-6,2,-13,-3,4,0.677246,-0.519531,0.477539,1.625,-0.125,-9.6875,66,46,125,F
35506,-2,-1,-3,-6,2,-13,-3,4,0.677246,-0.519531,0.477539,1.625,-0.125,-9.6875,66,46,125,F
4776,-2,-1,-1,3,1,-5,-8,-3,0.829102,-0.407227,0.389648,-1.3125,0.4375,-2.875,67,33,33,S
4878,-2,-1,-1,3,1,-5,-8,-3,0.829102,-0.407227,0.389648,-1.3125,0.4375,-2.875,67,33,33,S
48557,-2,-1,1,6,6,1,8,4,0.944336,-0.191406,0.200684,0.1875,-1.1875,0.5,66,15,50,D
48608,-2,-1,1,6,6,1,8,4,0.944336,-0.191406,0.200684,0.1875,-1.1875,0.5,66,15,50,D
50662,-2,-1,5,0,-4,-13,29,36,0.858887,-0.408203,0.330566,-2.6875,-1.9375,-3.1875,63,30,176,L
50713,-2,-1,5,0,-4,-13,29,36,0.858887,-0.408203,0.330566,-2.6875,-1.9375,-3.1875,63,30,176,L
50430,-2,0,-33,-1,1,-12,-3,-3,0.868164,-0.316406,0.410156,-0.125,-2.25,0.4375,70,28,164,K
50481,-2,0,-33,-1,1,-12,-3,-3,0.868164,-0.316406,0.410156,-0.125,-2.25,0.4375,70,28,164,K
41792,-2,0,-5,39,27,53,-31,-15,0.753906,-0.485352,0.435547,0.75,1.0625,-0.25,65,41,143,E
42047,-2,0,-5,39,27,53,-31,-15,0.753906,-0.485352,0.435547,0.75,1.0625,-0.25,65,41,143,E
53721,-2,0,-4,-3,11,10,-4,2,0.947754,-0.185059,0.179688,9.1875,-1.0625,2.5625,63,16,161,X
53823,-2,0,-4,-3,11,10,-4,2,0.947754,-0.185059,0.179688,9.1875,-1.0625,2.5625,63,16,161,X
53765,-2,0,-4,1,2,-20,-11,-3,0.918945,-0.210449,0.203125,-12.5625,-1.75,-5.0625,63,15,161,X
53867,-2,0,-4,1,2,-20,-11,-3,0.918945,-0.210449,0.203125,-12.5625,-1.75,-5.0625,63,15,161,X
35462,-2,0,-2,-7,-6,12,6,-9,0.702637,-0.540039,0.466797,-1.4375,0.5625,-1.125,65,45,125,F
35513,-2,0,-2,-7,-6,12,6,-9,0.702637,-0.540039,0.466797,-1.4375,0.5625,-1.125,65,45,125,F
53739,-2,0,-1,2,-1,-5,-3,-3,0.945312,-0.23584,0.203125,0.125,-1.5,1.9375,63,16,160,X
53841,-2,0,-1,2,-1,-5,-3,-3,0.945312,-0.23584,0.203125,0.125,-1.5,1.9375,63,16,160,X
53800,-2,0,1,3,8,3,-8,-4,0.953125,-0.214844,0.169922,0.25,-0.6875,1.0625,63,15,162,X
53902,-2,0,1,3,8,3,-8,-4,0.953125,-0.214844,0.169922,0.25,-0.6875,1.0625,63,15,162,X
53791,-2,0,3,2,5,-14,3,-1,0.942383,-0.270508,0.199707,-6.3125,-1.4375,-2.6875,63,15,162,X
53893,-2,0,3,2,5,-14,3,-1,0.942383,-0.270508,0.199707,-6.3125,-1.4375,-2.6875,63,15,162,X
53712,-2,1,-3,-16,1,2,-11,-7,0.941406,-0.188965,0.145508,8.75,-0.8125,6.5625,63,16,160,X
53814,-2,1,-3,-16,1,2,-11,-7,0.941406,-0.188965,0.145508,8.75,-0.8125,6.5625,63,16,160,X
50389,-2,1,-2,-2,-1,-5,-5,-4,0.878418,-0.356934,0.3125,2.125,-1.6875,0.3125,65,27,165,K
50440,-2,1,-2,-2,-1,-5,-5,-4,0.878418,-0.356934,0.3125,2.125,-1.6875,0.3125,65,27,165,K
4788,-2,1,2,0,-3,4,-12,-4,0.828613,-0.406738,0.383789,-0.875,0.625,0.125,67,33,34,S
4890,-2,1,2,0,-3,4,-12,-4,0.828613,-0.406738,0.383789,-0.875,0.625,0.125,67,33,34,S
50393,-2,1,2,5,5,6,1,0,0.86084,-0.359375,0.334961,0.5,-2.3125,-2.9375,65,27,165,K
50444,-2,1,2,5,5,6,1,0,0.86084,-0.359375,0.334961,0.5,-2.3125,-2.9375,65,27,165,K
50658,-2,2,3,4,-6,-13,-25,-44,0.845215,-0.465332,0.347656,-6.1875,0.0625,3.0625,63,31,176,L
50709,-2,2,3,4,-6,-13,-25,-44,0.845215,-0.465332,0.347656,-6.1875,0.0625,3.0625,63,31,176,L
7019,-2,2,10,2,-5,-36,-11,14,0.478516,-0.631348,0.647461,-0.375,0.4375,0.875,68,62,3,Q
58631,-2,2,10,2,-5,-36,-11,14,0.478516,-0.631348,0.647461,-0.375,0.4375,0.875,68,62,3,Q
41002,-2,2,15,8,-2,-23,-23,-7,0.735352,-0.500977,0.456543,0.75,-0.375,1.0,65,43,148,B
41257,-2,2,15,8,-2,-23,-23,-7,0.735352,-0.500977,0.456543,0.75,-0.375,1.0,65,43,148,B
50392,-2,3,0,0,6,1,0,1,0.874512,-0.350098,0.318848,1.1875,-1.0,0.3125,65,27,165,K
50443,-2,3,0,0,6,1,0,1,0.874512,-0.350098,0.318848,1.1875,-1.0,0.3125,65,27,165,K
35999,-2,4,-1,-5,-4,3,22,21,0.725098,-0.296387,0.611816,0.125,-1.375,-0.125,77,41,116,H
36050,-2,4,-1,-5,-4,3,22,21,0.725098,-0.296387,0.611816,0.125,-1.375,-0.125,77,41,116,H
7087,-2,7,-4,1,-4,-11,-16,9,0.474609,-0.615234,0.660156,-0.3125,0.125,0.875,68,62,3,Q
58699,-2,7,-4,1,-4,-11,-16,9,0.474609,-0.615234,0.660156,-0.3125,0.125,0.875,68,62,3,Q
7090,-2,9,-1,1,0,-2,0,4,0.439941,-0.625977,0.684082,0.1875,-1.6875,1.125,68,64,3,Q
58702,-2,9,-1,1,0,-2,0,4,0.439941,-0.625977,0.684082,0.1875,-1.6875,1.125,68,64,3,Q
34464,-2,10,62,18,-4,-15,-20,-15,0.819336,-0.198242,0.508301,-0.0625,-1.5625,0.125,79,32,90,B
34515,-2,10,62,18,-4,-15,-20,-15,0.819336,-0.198242,0.508301,-0.0625,-1.5625,0.125,79,32,90,B
50405,-2,11,-17,19,7,15,6,1,0.89502,-0.312988,0.367676,6.875,-1.875,1.5625,70,27,164,K
50456,-2,11,-17,19,7,15,6,1,0.89502,-0.312988,0.367676,6.875,-1.875,1.5625,70,27,164,K
6987,-2,14,2,-1,1,4,7,0,0.445801,-0.615234,0.681641,-0.0625,0.3125,-0.0625,68,64,2,Q
58599,-2,14,2,-1,1,4,7,0,0.445801,-0.615234,0.681641,-0.0625,0.3125,-0.0625,68,64,2,Q
7121,-1,-31,-15,-15,2,-3,-4,-2,0.462891,-0.634277,0.662109,0.0,0.25,0.8125,68,62,4,Q
58733,-1,-31,-15,-15,2,-3,-4,-2,0.462891,-0.634277,0.662109,0.0,0.25,0.8125,68,62,4,Q
51003,-1,-20,-2,0,-34,-58,-21,-14,0.856934,-0.254395,0.362305,-4.4375,4.75,-2.0,68,32,15,N
51207,-1,-20,-2,0,-34,-58,-21,-14,0.856934,-0.254395,0.362305,-4.4375,4.75,-2.0,68,32,15,N
30172,-1,-15,1,0,-2,-11,-41,17,0.816406,-0.368652,0.427734,-0.125,0.25,0.125,69,34,99,L
30223,-1,-15,1,0,-2,-11,-41,17,0.816406,-0.368652,0.427734,-0.125,0.25,0.125,69,34,99,L
34455,-1,-12,-80,-5,5,18,-46,-11,0.822754,-0.195801,0.512695,0.0625,-2.5625,-1.125,79,32,90,B
34506,-1,-12,-80,-5,5,18,-46,-11,0.822754,-0.195801,0.512695,0.0625,-2.5625,-1.125,79,32,90,B
7086,-1,-10,13,9,0,-3,2,13,0.478516,-0.613281,0.658203,-0.1875,-0.25,0.4375,68,62,3,Q
58698,-1,-10,13,9,0,-3,2,13,0.478516,-0.613281,0.658203,-0.1875,-0.25,0.4375,68,62,3,Q
35957,-1,-8,4,6,12,10,19,-9,0.695312,-0.23291,0.680664,13.9375,-12.1875,14.1875,79,45,110,H
36008,-1,-8,4,6,12,10,19,-9,0.695312,-0.23291,0.680664,13.9375,-12.1875,14.1875,79,45,110,H
7008,-1,-6,24,25,-4,15,0,-2,0.48291,-0.627441,0.655762,-0.25,0.25,-0.4375,67,62,3,Q
58620,-1,-6,24,25,-4,15,0,-2,0.48291,-0.627441,0.655762,-0.25,0.25,-0.4375,67,62,3,Q
53785,-1,-5,2,7,2,-19,-1,-6,0.952637,-0.262207,0.185547,0.9375,-0.5625,-0.625,63,15,162,X
53887,-1,-5,2,7,2,-19,-1,-6,0.952637,-0.262207,0.185547,0.9375,-0.5625,-0.625,63,15,162,X
53705,-1,-4,-16,-31,-9,-22,-3,26,0.921387,-0.242188,0.205566,-18.8125,-3.5,-11.25,63,17,160,X
53807,-1,-4,-16,-31,-9,-22,-3,26,0.921387,-0.242188,0.205566,-18.8125,-3.5,-11.25,63,17,160,X
7142,-1,-4,-5,1,2,0,-5,-4,0.435059,-0.626465,0.697754,-0.4375,-1.0,0.25,68,65,3,Q
58754,-1,-4,-5,1,2,0,-5,-4,0.435059,-0.626465,0.697754,-0.4375,-1.0,0.25,68,65,3,Q
53764,-1,-4,-4,-2,9,3,-10,-5,0.942383,-0.225098,0.175293,15.0,-3.25,3.5,63,15,161,X
53866,-1,-4,-4,-2,9,3,-10,-5,0.942383,-0.225098,0.175293,15.0,-3.25,3.5,63,15,161,X
48580,-1,-3,-20,-21,-8,14,7,-1,0.947266,-0.188965,0.191895,-0.375,-1.625,-1.125,67,14,49,D
48631,-1,-3,-20,-21,-8,14,7,-1,0.947266,-0.188965,0.191895,-0.375,-1.625,-1.125,67,14,49,D
48571,-1,-3,-18,-9,-4,2,-1,-3,0.94873,-0.172852,0.181641,2.3125,-1.3125,1.25,67,14,49,D
48622,-1,-3,-18,-9,-4,2,-1,-3,0.94873,-0.172852,0.181641,2.3125,-1.3125,1.25,67,14,49,D
7015,-1,-3,-4,-11,0,-4,7,4,0.475098,-0.623535,0.643555,-0.3125,0.3125,-0.125,68,62,3,Q
58627,-1,-3,-4,-11,0,-4,7,4,0.475098,-0.623535,0.643555,-0.3125,0.3125,-0.125,68,62,3,Q
48586,-1,-2,-18,-3,-4,-51,-12,-1,0.95166,-0.181641,0.189941,-0.75,-1.0,-1.375,67,14,49,D
48637,-1,-2,-18,-3,-4,-51,-12,-1,0.95166,-0.181641,0.189941,-0.75,-1.0,-1.375,67,14,49,D
48585,-1,-2,-9,-1,2,15,-16,-6,0.950195,-0.158691,0.185059,2.8125,-1.625,0.5625,67,14,49,D
48636,-1,-2,-9,-1,2,15,-16,-6,0.950195,-0.158691,0.185059,2.8125,-1.625,0.5625,67,14,49,D
34467,-1,-2,-8,7,2,0,-1,-1,0.814453,-0.205566,0.515625,0.25,-2.0,0.75,79,32,90,B
34518,-1,-2,-8,7,2,0,-1,-1,0.814453,-0.205566,0.515625,0.25,-2.0,0.75,79,32,90,B
51002,-1,-2,-3,-3,-4,-1,0,1,0.819824,-0.416504,0.402344,3.875,-5.125,-3.3125,67,33,15,N
51206,-1,-2,-3,-3,-4,-1,0,1,0.819824,-0.416504,0.402344,3.875,-5.125,-3.3125,67,33,15,N
38901,-1,-2,-1,-8,-5,11,23,4,0.713867,-0.496582,0.503418,1.1875,-2.75,1.5,67,43,110,T
38902,-1,-2,-1,-8,-5,11,23,4,0.713867,-0.496582,0.503418,1.1875,-2.75,1.5,67,43,110,T
38903,-1,-2,-1,-8,-5,11,23,4,0.713867,-0.496582,0.503418,1.1875,-2.75,1.5,67,43,110,T
38904,-1,-2,-1,-8,-5,11,23,4,0.713867,-0.496582,0.503418,1.1875,-2.75,1.5,67,43,110,T
38905,-1,-2,-1,-8,-5,11,23,4,0.713867,-0.496582,0.503418,1.1875,-2.75,1.5,67,43,110,T
38906,-1,-2,-1,-8,-5,11,23,4,0.713867,-0.496582,0.503418,1.1875,-2.75,1.5,67,43,110,T
38907,-1,-2,-1,-8,-5,11,23,4,0.713867,-0.496582,0.503418,1.1875,-2.75,1.5,67,43,110,T
38908,-1,-2,-1,-8,-5,11,23,4,0.713867,-0.496582,0.503418,1.1875,-2.75,1.5,67,43,110,T
38909,-1,-2,-1,-8,-5,11,23,4,0.713867,-0.496582,0.503418,1.1875,-2.75,1.5,67,43,110,T
38910,-1,-2,-1,-8,-5,11,23,4,0.713867,-0.496582,0.503418,1.1875,-2.75,1.5,67,43,110,T
38911,-1,-2,-1,-8,-5,11,23,4,0.713867,-0.496582,0.503418,1.1875,-2.75,1.5,67,43,110,T
38912,-1,-2,-1,-8,-5,11,23,4,0.713867,-0.496582,0.503418,1.1875,-2.75,1.5,67,43,110,T
53755,-1,-2,0,-1,6,10,3,1,0.935547,-0.246582,0.195312,-13.125,6.875,0.125,63,16,161,X
53857,-1,-2,0,-1,6,10,3,1,0.935547,-0.246582,0.195312,-13.125,6.875,0.125,63,16,161,X
48569,-1,-2,1,12,0,7,18,0,0.948242,-0.193848,0.202148,-2.1875,-2.75,-1.25,67,14,49,D
48620,-1,-2,1,12,0,7,18,0,0.948242,-0.193848,0.202148,-2.1875,-2.75,-1.25,67,14,49,D
40986,-1,-2,19,-6,0,-8,-36,4,0.73584,-0.515625,0.458008,-0.5,0.3125,0.0625,65,43,148,B
41241,-1,-2,19,-6,0,-8,-36,4,0.73584,-0.515625,0.458008,-0.5,0.3125,0.0625,65,43,148,B
35464,-1,-1,-20,-11,-9,16,16,2,0.693848,-0.536133,0.489258,-1.9375,0.5,1.4375,65,45,125,F
35515,-1,-1,-20,-11,-9,16,16,2,0.693848,-0.536133,0.489258,-1.9375,0.5,1.4375,65,45,125,F
34450,-1,-1,-13,-5,1,31,29,9,0.826172,-0.20459,0.509766,-0.9375,-1.1875,-1.4375,79,32,90,B
34501,-1,-1,-13,-5,1,31,29,9,0.826172,-0.20459,0.509766,-0.9375,-1.1875,-1.4375,79,32,90,B
4743,-1,-1,-5,-4,-1,8,37,2,0.845703,-0.398438,0.357422,16.625,0.875,4.1875,66,31,37,S
4845,-1,-1,-5,-4,-1,8,37,2,0.845703,-0.398438,0.357422,16.625,0.875,4.1875,66,31,37,S
50646,-1,-1,-4,-2,-1,2,1,-2,0.835938,-0.408691,0.325195,3.375,-2.25,1.3125,63,31,177,L
50697,-1,-1,-4,-2,-1,2,1,-2,0.835938,-0.408691,0.325195,3.375,-2.25,1.3125,63,31,177,L
50390,-1,-1,-3,-3,-3,2,1,1,0.87207,-0.353516,0.320312,0.375,-1.9375,-1.125,65,27,165,K
50441,-1,-1,-3,-3,-3,2,1,1,0.87207,-0.353516,0.320312,0.375,-1.9375,-1.125,65,27,165,K
50648,-1,-1,-3,1,1,2,1,-1,0.846191,-0.41748,0.322266,4.25,-2.25,1.0625,63,31,177,L
50699,-1,-1,-3,1,1,2,1,-1,0.846191,-0.41748,0.322266,4.25,-2.25,1.0625,63,31,177,L
48595,-1,-1,-2,-6,-8,4,13,4,0.948242,-0.160156,0.20459,-9.0,2.625,-1.5,67,14,50,D
48646,-1,-1,-2,-6,-8,4,13,4,0.948242,-0.160156,0.20459,-9.0,2.625,-1.5,67,14,50,D
53782,-1,-1,-2,2,1,7,1,-2,0.934082,-0.179688,0.154785,-2.5,-1.8125,-0.3125,63,15,162,X
53884,-1,-1,-2,2,1,7,1,-2,0.934082,-0.179688,0.154785,-2.5,-1.8125,-0.3125,63,15,162,X
34431,-1,-1,6,13,-10,-36,-22,-10,0.793457,-0.238281,0.555664,5.75,-7.6875,-3.5,78,34,90,B
34482,-1,-1,6,13,-10,-36,-22,-10,0.793457,-0.238281,0.555664,5.75,-7.6875,-3.5,78,34,90,B
53743,-1,-1,10,4,3,7,-1,2,0.94873,-0.216797,0.183105,4.125,-2.3125,-0.5,63,16,160,X
53845,-1,-1,10,4,3,7,-1,2,0.94873,-0.216797,0.183105,4.125,-2.3125,-0.5,63,16,160,X
48577,-1,0,-4,-10,3,1,-9,-1,0.937988,-0.203613,0.208984,0.1875,-1.625,-0.5625,67,14,49,D
48628,-1,0,-4,-10,3,1,-9,-1,0.937988,-0.203613,0.208984,0.1875,-1.625,-0.5625,67,14,49,D
48574,-1,0,-3,2,-3,-7,-21,-1,0.951172,-0.196777,0.197266,-0.625,-1.5625,-1.0,67,14,49,D
48625,-1,0,-3,2,-3,-7,-21,-1,0.951172,-0.196777,0.197266,-0.625,-1.5625,-1.0,67,14,49,D
53748,-1,0,3,-1,-8,4,-1,0,0.942383,-0.244629,0.216309,-1.75,0.25,-2.875,64,16,160,X
53850,-1,0,3,-1,-8,4,-1,0,0.942383,-0.244629,0.216309,-1.75,0.25,-2.875,64,16,160,X
6939,-1,0,6,-3,-15,-21,1,9,0.458984,-0.622559,0.677246,-0.0625,0.0625,-0.0625,68,63,1,Q
58551,-1,0,6,-3,-15,-21,1,9,0.458984,-0.622559,0.677246,-0.0625,0.0625,-0.0625,68,63,1,Q
51034,-1,1,-17,-4,-1,-3,17,4,0.818848,-0.430664,0.401855,2.9375,-2.625,3.9375,65,33,16,N
51238,-1,1,-17,-4,-1,-3,17,4,0.818848,-0.430664,0.401855,2.9375,-2.625,3.9375,65,33,16,N
40958,-1,1,-9,-3,1,-1,39,4,0.634277,-0.542969,0.486816,0.0,2.4375,3.625,65,51,149,B
41213,-1,1,-9,-3,1,-1,39,4,0.634277,-0.542969,0.486816,0.0,2.4375,3.625,65,51,149,B
50394,-1,1,0,0,3,-4,-3,0,0.871582,-0.375977,0.308105,11.8125,-5.5,-0.625,65,27,165,K
50445,-1,1,0,0,3,-4,-3,0,0.871582,-0.375977,0.308105,11.8125,-5.5,-0.625,65,27,165,K
41822,-1,1,1,1,2,-2,-11,-23,0.691895,-0.566406,0.481445,8.0,5.8125,2.875,65,47,143,E
42077,-1,1,1,1,2,-2,-11,-23,0.691895,-0.566406,0.481445,8.0,5.8125,2.875,65,47,143,E
51038,-1,1,6,-2,-19,-15,-8,0,0.822754,-0.427734,0.382324,-0.4375,-1.0625,-5.0,65,33,16,N
51242,-1,1,6,-2,-19,-15,-8,0,0.822754,-0.427734,0.382324,-0.4375,-1.0625,-5.0,65,33,16,N
40956,-1,2,1,-3,4,-13,1,0,0.646484,-0.605957,0.51416,5.75,-0.3125,-4.5,64,51,149,B
41211,-1,2,1,-3,4,-13,1,0,0.646484,-0.605957,0.51416,5.75,-0.3125,-4.5,64,51,149,B
50650,-1,2,2,7,16,21,0,1,0.849609,-0.424805,0.325684,5.75,-0.5625,0.75,63,31,177,L
50701,-1,2,2,7,16,21,0,1,0.849609,-0.424805,0.325684,5.75,-0.5625,0.75,63,31,177,L
48572,-1,2,3,6,4,18,2,1,0.945801,-0.19873,0.21582,-2.625,-0.8125,-1.25,67,14,49,D
48623,-1,2,3,6,4,18,2,1,0.945801,-0.19873,0.21582,-2.625,-0.8125,-1.25,67,14,49,D
35988,-1,3,-1,-3,-8,-39,-83,-12,0.715332,-0.292969,0.621094,0.375,-2.4375,-2.0,77,41,116,H
36039,-1,3,-1,-3,-8,-39,-83,-12,0.715332,-0.292969,0.621094,0.375,-2.4375,-2.0,77,41,116,H
53775,-1,3,4,0,9,3,1,1,0.948242,-0.211914,0.170898,11.125,-1.25,3.375,62,16,163,X
53877,-1,3,4,0,9,3,1,1,0.948242,-0.211914,0.170898,11.125,-1.25,3.375,62,16,163,X
51028,-1,4,-5,-2,0,-3,-2,0,0.82373,-0.437012,0.390137,2.625,-2.125,-0.375,65,34,16,N
51232,-1,4,-5,-2,0,-3,-2,0,0.82373,-0.437012,0.390137,2.625,-2.125,-0.375,65,34,16,N
41841,-1,4,45,52,7,13,-6,-10,0.749023,-0.496582,0.439453,1.75,-0.5,-0.0625,65,42,143,E
42096,-1,4,45,52,7,13,-6,-10,0.749023,-0.496582,0.439453,1.75,-0.5,-0.0625,65,42,143,E
40963,-1,5,72,79,1,11,8,-5,0.656738,-0.544922,0.509277,1.1875,-7.0625,-2.125,64,47,149,B
41218,-1,5,72,79,1,11,8,-5,0.656738,-0.544922,0.509277,1.1875,-7.0625,-2.125,64,47,149,B
40984,-1,6,17,-5,-4,10,12,14,0.726562,-0.520996,0.47168,-0.4375,-0.1875,-0.875,65,43,148,B
41239,-1,6,17,-5,-4,10,12,14,0.726562,-0.520996,0.47168,-0.4375,-0.1875,-0.875,65,43,148,B
41810,-1,7,26,26,7,22,4,2,0.751465,-0.497559,0.445312,-0.0625,0.25,0.25,65,41,143,E
42065,-1,7,26,26,7,22,4,2,0.751465,-0.497559,0.445312,-0.0625,0.25,0.25,65,41,143,E
7076,-1,16,4,9,2,-10,-4,5,0.482422,-0.618652,0.652344,0.6875,-0.875,0.3125,68,62,3,Q
58688,-1,16,4,9,2,-10,-4,5,0.482422,-0.618652,0.652344,0.6875,-0.875,0.3125,68,62,3,Q
34439,-1,17,-33,-14,-4,31,71,15,0.819824,-0.206543,0.515625,2.25,0.0,-0.0625,79,32,90,B
34490,-1,17,-33,-14,-4,31,71,15,0.819824,-0.206543,0.515625,2.25,0.0,-0.0625,79,32,90,B
34444,-1,19,127,45,-1,17,-2,-2,0.826172,-0.203125,0.498535,-0.25,-5.8125,-5.6875,79,32,90,B
34495,-1,19,127,45,-1,17,-2,-2,0.826172,-0.203125,0.498535,-0.25,-5.8125,-5.6875,79,32,90,B
7077,-1,21,9,-6,-1,26,18,21,0.492188,-0.623535,0.662598,1.1875,-0.75,0.375,68,62,3,Q
58689,-1,21,9,-6,-1,26,18,21,0.492188,-0.623535,0.662598,1.1875,-0.75,0.375,68,62,3,Q
7111,-1,92,8,11,4,-13,-2,3,0.490234,-0.627441,0.65625,0.5,-0.5,0.375,68,62,4,Q
58723,-1,92,8,11,4,-13,-2,3,0.490234,-0.627441,0.65625,0.5,-0.5,0.375,68,62,4,Q
7009,0,-22,-62,-7,-1,11,1,3,0.471191,-0.623535,0.650391,0.8125,0.9375,-0.625,67,62,3,Q
58621,0,-22,-62,-7,-1,11,1,3,0.471191,-0.623535,0.650391,0.8125,0.9375,-0.625,67,62,3,Q
35970,0,-22,1,-7,-2,15,31,12,0.726074,-0.283203,0.619141,1.4375,1.3125,-2.0,77,41,115,H
36021,0,-22,1,-7,-2,15,31,12,0.726074,-0.283203,0.619141,1.4375,1.3125,-2.0,77,41,115,H
7145,0,-20,-6,-9,-6,-6,-8,-4,0.442383,-0.644531,0.708984,1.4375,-2.5625,-11.6875,68,64,3,Q
58757,0,-20,-6,-9,-6,-6,-8,-4,0.442383,-0.644531,0.708984,1.4375,-2.5625,-11.6875,68,64,3,Q
48581,0,-7,-4,-3,-3,3,-7,8,0.953613,-0.168945,0.192383,3.25,-1.6875,1.1875,67,14,49,D
48632,0,-7,-4,-3,-3,3,-7,8,0.953613,-0.168945,0.192383,3.25,-1.6875,1.1875,67,14,49,D
41785,0,-5,-44,-48,3,11,-2,10,0.77832,-0.459473,0.401855,3.5625,2.125,2.625,65,41,143,E
42040,0,-5,-44,-48,3,11,-2,10,0.77832,-0.459473,0.401855,3.5625,2.125,2.625,65,41,143,E
50669,0,-4,-5,11,6,4,6,10,0.847168,-0.405762,0.316895,6.0,-1.1875,4.4375,63,31,176,L
50720,0,-4,-5,11,6,4,6,10,0.847168,-0.405762,0.316895,6.0,-1.1875,4.4375,63,31,176,L
53784,0,-3,-17,-27,-1,-6,2,-2,0.946777,-0.193848,0.157715,0.0625,-0.1875,3.5,63,15,162,X
53886,0,-3,-17,-27,-1,-6,2,-2,0.946777,-0.193848,0.157715,0.0625,-0.1875,3.5,63,15,162,X
4782,0,-3,-2,-10,-4,-3,19,0,0.827637,-0.400879,0.393066,-0.375,-0.125,0.25,67,33,33,S
4884,0,-3,-2,-10,-4,-3,19,0,0.827637,-0.400879,0.393066,-0.375,-0.125,0.25,67,33,33,S
53719,0,-2,-11,-29,-23,-17,0,3,0.947754,-0.213379,0.182617,6.625,-1.5625,0.0625,62,16,161,X
53821,0,-2,-11,-29,-23,-17,0,3,0.947754,-0.213379,0.182617,6.625,-1.5625,0.0625,62,16,161,X
48592,0,-2,-9,-5,4,-11,-22,-3,0.938477,-0.180176,0.200684,-2.0625,0.25,-0.375,67,14,49,D
48643,0,-2,-9,-5,4,-11,-22,-3,0.938477,-0.180176,0.200684,-2.0625,0.25,-0.375,67,14,49,D
34997,0,-2,-4,2,8,11,-6,-3,0.706055,-0.414062,0.571289,2.6875,-1.6875,0.5,71,43,108,D
34998,0,-2,-4,2,8,11,-6,-3,0.706055,-0.414062,0.571289,2.6875,-1.6875,0.5,71,43,108,D
34999,0,-2,-4,2,8,11,-6,-3,0.706055,-0.414062,0.571289,2.6875,-1.6875,0.5,71,43,108,D
35000,0,-2,-4,2,8,11,-6,-3,0.706055,-0.414062,0.571289,2.6875,-1.6875,0.5,71,43,108,D
35001,0,-2,-4,2,8,11,-6,-3,0.706055,-0.414062,0.571289,2.6875,-1.6875,0.5,71,43,108,D
35002,0,-2,-4,2,8,11,-6,-3,0.706055,-0.414062,0.571289,2.6875,-1.6875,0.5,71,43,108,D
35003,0,-2,-4,2,8,11,-6,-3,0.706055,-0.414062,0.571289,2.6875,-1.6875,0.5,71,43,108,D
35004,0,-2,-4,2,8,11,-6,-3,0.706055,-0.414062,0.571289,2.6875,-1.6875,0.5,71,43,108,D
35005,0,-2,-4,2,8,11,-6,-3,0.706055,-0.414062,0.571289,2.6875,-1.6875,0.5,71,43,108,D
35006,0,-2,-4,2,8,11,-6,-3,0.706055,-0.414062,0.571289,2.6875,-1.6875,0.5,71,43,108,D
35007,0,-2,-4,2,8,11,-6,-3,0.706055,-0.414062,0.571289,2.6875,-1.6875,0.5,71,43,108,D
35008,0,-2,-4,2,8,11,-6,-3,0.706055,-0.414062,0.571289,2.6875,-1.6875,0.5,71,43,108,D
35009,0,-2,-4,2,8,11,-6,-3,0.706055,-0.414062,0.571289,2.6875,-1.6875,0.5,71,43,108,D
35010,0,-2,-4,2,8,11,-6,-3,0.706055,-0.414062,0.571289,2.6875,-1.6875,0.5,71,43,108,D
35011,0,-2,-4,2,8,11,-6,-3,0.706055,-0.414062,0.571289,2.6875,-1.6875,0.5,71,43,108,D
35012,0,-2,-4,2,8,11,-6,-3,0.706055,-0.414062,0.571289,2.6875,-1.6875,0.5,71,43,108,D
35013,0,-2,-4,2,8,11,-6,-3,0.706055,-0.414062,0.571289,2.6875,-1.6875,0.5,71,43,108,D
35014,0,-2,-4,2,8,11,-6,-3,0.706055,-0.414062,0.571289,2.6875,-1.6875,0.5,71,43,108,D
35015,0,-2,-4,2,8,11,-6,-3,0.706055,-0.414062,0.571289,2.6875,-1.6875,0.5,71,43,108,D
35016,0,-2,-4,2,8,11,-6,-3,0.706055,-0.414062,0.571289,2.6875,-1.6875,0.5,71,43,108,D
35017,0,-2,-4,2,8,11,-6,-3,0.706055,-0.414062,0.571289,2.6875,-1.6875,0.5,71,43,108,D
35018,0,-2,-4,2,8,11,-6,-3,0.706055,-0.414062,0.571289,2.6875,-1.6875,0.5,71,43,108,D
35019,0,-2,-4,2,8,11,-6,-3,0.706055,-0.414062,0.571289,2.6875,-1.6875,0.5,71,43,108,D
35020,0,-2,-4,2,8,11,-6,-3,0.706055,-0.414062,0.571289,2.6875,-1.6875,0.5,71,43,108,D
35021,0,-2,-4,2,8,11,-6,-3,0.706055,-0.414062,0.571289,2.6875,-1.6875,0.5,71,43,108,D
35022,0,-2,-4,2,8,11,-6,-3,0.706055,-0.414062,0.571289,2.6875,-1.6875,0.5,71,43,108,D
35023,0,-2,-4,2,8,11,-6,-3,0.706055,-0.414062,0.571289,2.6875,-1.6875,0.5,71,43,108,D
35024,0,-2,-4,2,8,11,-6,-3,0.706055,-0.414062,0.571289,2.6875,-1.6875,0.5,71,43,108,D
35025,0,-2,-4,2,8,11,-6,-3,0.706055,-0.414062,0.571289,2.6875,-1.6875,0.5,71,43,108,D
35026,0,-2,-4,2,8,11,-6,-3,0.706055,-0.414062,0.571289,2.6875,-1.6875,0.5,71,43,108,D
35027,0,-2,-4,2,8,11,-6,-3,0.706055,-0.414062,0.571289,2.6875,-1.6875,0.5,71,43,108,D
35028,0,-2,-4,2,8,11,-6,-3,0.706055,-0.414062,0.571289,2.6875,-1.6875,0.5,71,43,108,D
35029,0,-2,-4,2,8,11,-6,-3,0.706055,-0.414062,0.571289,2.6875,-1.6875,0.5,71,43,108,D
35030,0,-2,-4,2,8,11,-6,-3,0.706055,-0.414062,0.571289,2.6875,-1.6875,0.5,71,43,108,D
35031,0,-2,-4,2,8,11,-6,-3,0.706055,-0.414062,0.571289,2.6875,-1.6875,0.5,71,43,108,D
35032,0,-2,-4,2,8,11,-6,-3,0.706055,-0.414062,0.571289,2.6875,-1.6875,0.5,71,43,108,D
35033,0,-2,-4,2,8,11,-6,-3,0.706055,-0.414062,0.571289,2.6875,-1.6875,0.5,71,43,108,D
35034,0,-2,-4,2,8,11,-6,-3,0.706055,-0.414062,0.571289,2.6875,-1.6875,0.5,71,43,108,D
35035,0,-2,-4,2,8,11,-6,-3,0.706055,-0.414062,0.571289,2.6875,-1.6875,0.5,71,43,108,D
35036,0,-2,-4,2,8,11,-6,-3,0.706055,-0.414062,0.571289,2.6875,-1.6875,0.5,71,43,108,D
35481,0,-2,-3,-3,-4,-4,-4,0,0.676758,-0.540039,0.489746,0.1875,-2.6875,1.5,65,46,126,F
35532,0,-2,-3,-3,-4,-4,-4,0,0.676758,-0.540039,0.489746,0.1875,-2.6875,1.5,65,46,126,F
35446,0,-2,-2,1,-1,-16,-24,0,0.667969,-0.559082,0.495605,0.125,-1.5625,0.5,65,47,125,F
35497,0,-2,-2,1,-1,-16,-24,0,0.667969,-0.559082,0.495605,0.125,-1.5625,0.5,65,47,125,F
48602,0,-2,-1,0,-3,-61,-16,1,0.946777,-0.195312,0.202148,-1.6875,-0.625,-1.0625,67,14,50,D
48653,0,-2,-1,0,-3,-61,-16,1,0.946777,-0.195312,0.202148,-1.6875,-0.625,-1.0625,67,14,50,D
53780,0,-2,1,9,-1,3,4,1,0.938965,-0.192383,0.184082,-9.1875,-2.5,-3.4375,63,15,162,X
53882,0,-2,1,9,-1,3,4,1,0.938965,-0.192383,0.184082,-9.1875,-2.5,-3.4375,63,15,162,X
35490,0,-2,3,-4,-11,-13,-6,-4,0.677246,-0.541504,0.490723,0.375,-2.25,-0.8125,65,46,127,F
35541,0,-2,3,-4,-11,-13,-6,-4,0.677246,-0.541504,0.490723,0.375,-2.25,-0.8125,65,46,127,F
51022,0,-1,-16,-11,-8,-13,4,-4,0.813477,-0.419434,0.396973,1.375,-5.0625,9.0,65,33,15,N
51226,0,-1,-16,-11,-8,-13,4,-4,0.813477,-0.419434,0.396973,1.375,-5.0625,9.0,65,33,15,N
34460,0,-1,-8,0,9,16,30,11,0.819336,-0.190918,0.515137,1.125,-2.25,-0.125,79,32,90,B
34511,0,-1,-8,0,9,16,30,11,0.819336,-0.190918,0.515137,1.125,-2.25,-0.125,79,32,90,B
53772,0,-1,-7,-12,-7,-12,-2,1,0.955078,-0.227051,0.165527,12.125,-2.5625,3.9375,63,15,162,X
53874,0,-1,-7,-12,-7,-12,-2,1,0.955078,-0.227051,0.165527,12.125,-2.5625,3.9375,63,15,162,X
51049,0,-1,-6,-4,-4,-2,7,7,0.827637,-0.411621,0.376953,-0.4375,-0.4375,-2.125,65,33,16,N
51253,0,-1,-6,-4,-4,-2,7,7,0.827637,-0.411621,0.376953,-0.4375,-0.4375,-2.125,65,33,16,N
53740,0,-1,-4,-4,1,-6,-6,-3,0.953613,-0.220703,0.176758,5.5625,-0.5,2.875,63,16,160,X
53842,0,-1,-4,-4,1,-6,-6,-3,0.953613,-0.220703,0.176758,5.5625,-0.5,2.875,63,16,160,X
53736,0,-1,-2,9,14,1,-8,-17,0.941895,-0.179688,0.164062,2.3125,-0.3125,2.8125,64,15,160,X
53838,0,-1,-2,9,14,1,-8,-17,0.941895,-0.179688,0.164062,2.3125,-0.3125,2.8125,64,15,160,X
50388,0,-1,-1,-1,-3,-2,-2,-1,0.862793,-0.375977,0.31543,-0.75,-1.875,1.4375,65,27,165,K
50439,0,-1,-1,-1,-3,-2,-2,-1,0.862793,-0.375977,0.31543,-0.75,-1.875,1.4375,65,27,165,K
48582,0,-1,13,-1,-1,19,18,1,0.938477,-0.163574,0.182617,-1.6875,-1.6875,0.3125,67,14,49,D
48633,0,-1,13,-1,-1,19,18,1,0.938477,-0.163574,0.182617,-1.6875,-1.6875,0.3125,67,14,49,D
53778,0,0,-3,-7,-12,-6,-1,-3,0.933594,-0.22168,0.195312,-11.5625,-2.0,-7.4375,62,15,162,X
53880,0,0,-3,-7,-12,-6,-1,-3,0.933594,-0.22168,0.195312,-11.5625,-2.0,-7.4375,62,15,162,X
35480,0,0,-2,-4,-7,-14,-11,-3,0.67334,-0.539062,0.497559,0.5625,-2.375,1.3125,65,46,126,F
35531,0,0,-2,-4,-7,-14,-11,-3,0.67334,-0.539062,0.497559,0.5625,-2.375,1.3125,65,46,126,F
35449,0,0,-2,1,18,30,16,-8,0.678711,-0.53418,0.499023,2.0625,-1.0,-1.125,65,47,125,F
35500,0,0,-2,1,18,30,16,-8,0.678711,-0.53418,0.499023,2.0625,-1.0,-1.125,65,47,125,F
50391,0,0,-2,3,1,0,1,-2,0.883301,-0.36084,0.301758,1.8125,-1.75,-0.125,65,27,165,K
50442,0,0,-2,3,1,0,1,-2,0.883301,-0.36084,0.301758,1.8125,-1.75,-0.125,65,27,165,K
41821,0,0,-1,-2,-5,2,0,0,0.693848,-0.55957,0.484863,0.3125,1.6875,0.0625,65,46,143,E
42076,0,0,-1,-2,-5,2,0,0,0.693848,-0.55957,0.484863,0.3125,1.6875,0.0625,65,46,143,E
53798,0,0,0,-5,-5,-11,-5,-5,0.948242,-0.200684,0.173828,-0.3125,-2.0,-0.375,63,15,162,X
53900,0,0,0,-5,-5,-11,-5,-5,0.948242,-0.200684,0.173828,-0.3125,-2.0,-0.375,63,15,162,X
17035,0,0,0,0,0,0,0,0,0.588867,-0.501953,0.651855,-2.8125,-5.5,3.0,71,52,153,N
17036,0,0,0,0,0,0,0,0,0.588867,-0.501953,0.651855,-2.8125,-5.5,3.0,71,52,153,N
40953,0,0,0,0,0,0,0,0,0.63623,-0.618652,0.493164,-0.25,0.625,0.1875,64,51,150,B
41208,0,0,0,0,0,0,0,0,0.63623,-0.618652,0.493164,-0.25,0.625,0.1875,64,51,150,B
40954,0,0,0,0,0,0,0,0,0.637695,-0.615234,0.503418,0.8125,0.5625,0.125,64,51,150,B
41209,0,0,0,0,0,0,0,0,0.637695,-0.615234,0.503418,0.8125,0.5625,0.125,64,51,150,B
40955,0,0,0,0,0,0,0,0,0.638672,-0.613281,0.507812,0.75,0.3125,-0.75,64,51,149,B
41210,0,0,0,0,0,0,0,0,0.638672,-0.613281,0.507812,0.75,0.3125,-0.75,64,51,149,B
41261,0,0,0,0,0,0,0,0,0.664062,-0.599121,0.479004,0.1875,-0.0625,-1.375,64,49,148,C
41262,0,0,0,0,0,0,0,0,0.664062,-0.599121,0.479004,0.1875,-0.0625,-1.375,64,49,148,C
30142,0,0,0,0,0,0,0,0,0.758301,-0.400879,0.493652,-0.25,9.1875,0.5,70,39,96,L
30193,0,0,0,0,0,0,0,0,0.758301,-0.400879,0.493652,-0.25,9.1875,0.5,70,39,96,L
409,0,0,0,0,0,0,0,0,0.767578,-0.544922,0.39502,-11.5,-6.75,-15.3125,63,41,41,B
410,0,0,0,0,0,0,0,0,0.767578,-0.544922,0.39502,-11.5,-6.75,-15.3125,63,41,41,B
30141,0,0,0,0,0,0,0,0,0.773438,-0.39502,0.492188,-1.125,0.6875,0.6875,70,39,96,L
30192,0,0,0,0,0,0,0,0,0.773438,-0.39502,0.492188,-1.125,0.6875,0.6875,70,39,96,L
30143,0,0,0,0,0,0,0,0,0.773926,-0.387695,0.5,2.0,3.125,-0.5625,70,39,96,L
30194,0,0,0,0,0,0,0,0,0.773926,-0.387695,0.5,2.0,3.125,-0.5625,70,39,96,L
34426,0,0,0,0,0,0,0,0,0.782715,-0.247559,0.54541,0.3125,-1.5625,-1.4375,77,35,90,B
34477,0,0,0,0,0,0,0,0,0.782715,-0.247559,0.54541,0.3125,-1.5625,-1.4375,77,35,90,B
34425,0,0,0,0,0,0,0,0,0.787109,-0.253906,0.544922,0.8125,-2.0,-0.375,77,35,90,B
34476,0,0,0,0,0,0,0,0,0.787109,-0.253906,0.544922,0.8125,-2.0,-0.375,77,35,90,B
34427,0,0,0,0,0,0,0,0,0.789551,-0.252441,0.544434,-0.4375,-3.9375,-0.6875,77,35,90,B
34478,0,0,0,0,0,0,0,0,0.789551,-0.252441,0.544434,-0.4375,-3.9375,-0.6875,77,35,90,B
28663,0,0,0,0,0,0,0,0,0.83252,-0.402832,0.355469,1.5625,-2.25,7.25,65,33,99,F
28664,0,0,0,0,0,0,0,0,0.83252,-0.402832,0.355469,1.5625,-2.25,7.25,65,33,99,F
48554,0,0,2,-1,-2,2,0,3,0.938965,-0.180664,0.227051,2.6875,-3.9375,0.0625,67,14,49,D
48605,0,0,2,-1,-2,2,0,3,0.938965,-0.180664,0.227051,2.6875,-3.9375,0.0625,67,14,49,D
35482,0,0,2,1,0,23,2,-1,0.674805,-0.54248,0.48877,0.4375,-2.3125,0.0,65,46,126,F
35533,0,0,2,1,0,23,2,-1,0.674805,-0.54248,0.48877,0.4375,-2.3125,0.0,65,46,126,F
53753,0,0,2,4,2,-1,0,-5,0.947266,-0.230469,0.196289,1.4375,-1.125,1.25,64,15,160,X
53855,0,0,2,4,2,-1,0,-5,0.947266,-0.230469,0.196289,1.4375,-1.125,1.25,64,15,160,X
35477,0,0,3,2,0,-6,2,3,0.681152,-0.537598,0.492676,1.125,-2.3125,0.25,65,46,126,F
35528,0,0,3,2,0,-6,2,3,0.681152,-0.537598,0.492676,1.125,-2.3125,0.25,65,46,126,F
50644,0,1,-5,-2,0,3,-2,-1,0.839355,-0.416016,0.330566,1.75,-0.8125,-0.625,63,31,177,L
50695,0,1,-5,-2,0,3,-2,-1,0.839355,-0.416016,0.330566,1.75,-0.8125,-0.625,63,31,177,L
35489,0,1,-1,2,3,14,-35,-4,0.675781,-0.546387,0.496582,0.1875,-2.1875,-0.75,65,46,127,F
35540,0,1,-1,2,3,14,-35,-4,0.675781,-0.546387,0.496582,0.1875,-2.1875,-0.75,65,46,127,F
53742,0,1,0,-11,-3,1,-3,-6,0.938477,-0.230957,0.185547,-0.375,-1.625,-3.125,63,16,160,X
53844,0,1,0,-11,-3,1,-3,-6,0.938477,-0.230957,0.185547,-0.375,-1.625,-3.125,63,16,160,X
53786,0,1,5,4,1,9,-4,-4,0.936035,-0.207031,0.175781,2.625,-1.75,2.25,63,15,162,X
53888,0,1,5,4,1,9,-4,-4,0.936035,-0.207031,0.175781,2.625,-1.75,2.25,63,15,162,X
48570,0,1,6,1,-6,-24,-8,-2,0.946289,-0.177734,0.19043,-2.625,-1.75,-1.875,67,14,49,D
48621,0,1,6,1,-6,-24,-8,-2,0.946289,-0.177734,0.19043,-2.625,-1.75,-1.875,67,14,49,D
41847,0,1,36,6,1,6,5,1,0.743652,-0.494629,0.445312,2.8125,-0.9375,0.0,65,42,143,E
42102,0,1,36,6,1,6,5,1,0.743652,-0.494629,0.445312,2.8125,-0.9375,0.0,65,42,143,E
51048,0,2,-2,3,11,4,-1,-28,0.830078,-0.416016,0.374512,-4.6875,0.8125,-3.1875,65,33,16,N
51252,0,2,-2,3,11,4,-1,-28,0.830078,-0.416016,0.374512,-4.6875,0.8125,-3.1875,65,33,16,N
48584,0,2,0,0,-2,-30,-6,6,0.947754,-0.198242,0.212891,-2.6875,-2.3125,-0.75,67,14,49,D
48635,0,2,0,0,-2,-30,-6,6,0.947754,-0.198242,0.212891,-2.6875,-2.3125,-0.75,67,14,49,D
35465,0,2,5,-3,-5,-12,-9,5,0.679688,-0.543457,0.509277,1.375,-2.0625,1.3125,65,45,125,F
35516,0,2,5,-3,-5,-12,-9,5,0.679688,-0.543457,0.509277,1.375,-2.0625,1.3125,65,45,125,F
35471,0,2,7,-3,-13,-8,-17,-1,0.679688,-0.53418,0.504395,0.1875,-1.5625,0.75,65,45,126,F
35522,0,2,7,-3,-13,-8,-17,-1,0.679688,-0.53418,0.504395,0.1875,-1.5625,0.75,65,45,126,F
53726,0,2,7,2,-5,-1,2,-1,0.961914,-0.19043,0.166016,4.0625,0.5,0.8125,63,16,161,X
53828,0,2,7,2,-5,-1,2,-1,0.961914,-0.19043,0.166016,4.0625,0.5,0.8125,63,16,161,X
35475,0,4,2,-2,-5,5,8,7,0.685059,-0.543457,0.492188,0.75,-2.125,1.25,65,46,126,F
35526,0,4,2,-2,-5,5,8,7,0.685059,-0.543457,0.492188,0.75,-2.125,1.25,65,46,126,F
40957,0,4,11,20,17,-9,-34,-10,0.61377,-0.574219,0.51709,9.4375,-0.4375,-1.125,64,51,149,B
41212,0,4,11,20,17,-9,-34,-10,0.61377,-0.574219,0.51709,9.4375,-0.4375,-1.125,64,51,149,B
50685,0,4,15,10,-5,-19,-23,-2,0.844238,-0.422363,0.32373,1.5,-1.5,-0.5625,63,31,176,L
50736,0,4,15,10,-5,-19,-23,-2,0.844238,-0.422363,0.32373,1.5,-1.5,-0.5625,63,31,176,L
41799,0,7,16,34,14,-16,-22,9,0.748047,-0.5,0.44873,1.125,-0.625,0.1875,65,41,143,E
42054,0,7,16,34,14,-16,-22,9,0.748047,-0.5,0.44873,1.125,-0.625,0.1875,65,41,143,E
41800,0,8,23,13,12,31,-7,-1,0.750488,-0.489746,0.452637,0.125,-0.375,0.625,65,41,143,E
42055,0,8,23,13,12,31,-7,-1,0.750488,-0.489746,0.452637,0.125,-0.375,0.625,65,41,143,E
7078,0,8,97,12,5,47,11,-5,0.478516,-0.614258,0.662598,-0.9375,-0.4375,0.625,68,62,3,Q
58690,0,8,97,12,5,47,11,-5,0.478516,-0.614258,0.662598,-0.9375,-0.4375,0.625,68,62,3,Q
51020,0,23,7,-5,-9,6,-4,2,0.828125,-0.39502,0.384766,-7.3125,-1.9375,3.25,66,33,15,N
51224,0,23,7,-5,-9,6,-4,2,0.828125,-0.39502,0.384766,-7.3125,-1.9375,3.25,66,33,15,N
7037,1,-26,-6,-8,-1,-9,-3,-38,0.479492,-0.616699,0.656738,2.125,2.0625,-8.0,68,62,3,Q
58649,1,-26,-6,-8,-1,-9,-3,-38,0.479492,-0.616699,0.656738,2.125,2.0625,-8.0,68,62,3,Q
7026,1,-18,18,31,-1,-53,-24,4,0.450195,-0.610352,0.639648,-1.3125,0.6875,-0.5625,68,62,3,Q
58638,1,-18,18,31,-1,-53,-24,4,0.450195,-0.610352,0.639648,-1.3125,0.6875,-0.5625,68,62,3,Q
41855,1,-12,-5,-7,-3,-18,9,-15,0.740723,-0.506348,0.461426,0.125,0.4375,0.375,65,42,143,E
42110,1,-12,-5,-7,-3,-18,9,-15,0.740723,-0.506348,0.461426,0.125,0.4375,0.375,65,42,143,E
34446,1,-10,87,21,-4,-21,33,-16,0.827637,-0.196777,0.500977,-0.8125,-2.0,-2.625,79,32,90,B
34497,1,-10,87,21,-4,-21,33,-16,0.827637,-0.196777,0.500977,-0.8125,-2.0,-2.625,79,32,90,B
50429,1,-7,-16,-2,-4,-9,-1,-1,0.875,-0.288086,0.387207,-0.0625,-1.375,1.0,70,28,164,K
50480,1,-7,-16,-2,-4,-9,-1,-1,0.875,-0.288086,0.387207,-0.0625,-1.375,1.0,70,28,164,K
40981,1,-4,-64,-15,-3,-13,-4,9,0.736816,-0.506348,0.459961,3.9375,-1.0,-0.1875,65,43,148,B
41236,1,-4,-64,-15,-3,-13,-4,9,0.736816,-0.506348,0.459961,3.9375,-1.0,-0.1875,65,43,148,B
35960,1,-3,-5,-4,-8,-17,2,-6,0.683105,-0.253418,0.670898,11.5625,-30.9375,9.3125,79,43,112,H
36011,1,-3,-5,-4,-8,-17,2,-6,0.683105,-0.253418,0.670898,11.5625,-30.9375,9.3125,79,43,112,H
48600,1,-3,12,2,-4,-3,-13,0,0.937988,-0.183594,0.183105,-1.0,-1.5,-1.0625,67,14,50,D
48651,1,-3,12,2,-4,-3,-13,0,0.937988,-0.183594,0.183105,-1.0,-1.5,-1.0625,67,14,50,D
40987,1,-3,26,26,7,16,6,-3,0.72998,-0.507812,0.458984,0.25,-0.0625,0.1875,65,43,148,B
41242,1,-3,26,26,7,16,6,-3,0.72998,-0.507812,0.458984,0.25,-0.0625,0.1875,65,43,148,B
48564,1,-2,-15,-13,-8,-1,7,5,0.947266,-0.161621,0.172852,-6.125,0.3125,-1.75,67,14,49,D
48615,1,-2,-15,-13,-8,-1,7,5,0.947266,-0.161621,0.172852,-6.125,0.3125,-1.75,67,14,49,D
48588,1,-2,-11,-13,-5,2,13,5,0.950195,-0.194336,0.19043,-1.9375,-2.0625,-0.0625,67,14,49,D
48639,1,-2,-11,-13,-5,2,13,5,0.950195,-0.194336,0.19043,-1.9375,-2.0625,-0.0625,67,14,49,D
35492,1,-2,-7,6,12,1,24,5,0.680176,-0.54248,0.491211,0.0625,-1.5625,-0.75,65,46,127,F
35543,1,-2,-7,6,12,1,24,5,0.680176,-0.54248,0.491211,0.0625,-1.5625,-0.75,65,46,127,F
35956,1,-2,-5,-1,2,-11,-19,11,0.655273,-0.243652,0.703613,13.3125,-10.3125,7.3125,79,46,110,H
36007,1,-2,-5,-1,2,-11,-19,11,0.655273,-0.243652,0.703613,13.3125,-10.3125,7.3125,79,46,110,H
41772,1,-2,-3,-3,3,18,0,0,0.699707,-0.503418,0.44873,6.5625,-1.4375,6.875,66,46,143,E
42027,1,-2,-3,-3,3,18,0,0,0.699707,-0.503418,0.44873,6.5625,-1.4375,6.875,66,46,143,E
53735,1,-2,0,-4,0,9,7,3,0.940918,-0.236816,0.197266,-3.0625,-2.1875,-4.125,64,15,160,X
53837,1,-2,0,-4,0,9,7,3,0.940918,-0.236816,0.197266,-3.0625,-2.1875,-4.125,64,15,160,X
53737,1,-2,2,5,5,40,-2,-23,0.936035,-0.223633,0.184082,-7.8125,-1.75,-2.1875,64,15,160,X
53839,1,-2,2,5,5,40,-2,-23,0.936035,-0.223633,0.184082,-7.8125,-1.75,-2.1875,64,15,160,X
35485,1,-2,3,-4,-8,-19,-25,-4,0.679688,-0.539062,0.490723,0.1875,-2.1875,-0.125,65,46,126,F
35536,1,-2,3,-4,-8,-19,-25,-4,0.679688,-0.539062,0.490723,0.1875,-2.1875,-0.125,65,46,126,F
40995,1,-2,24,28,-3,-19,-7,2,0.728516,-0.523438,0.473145,-0.5,-0.5625,-0.6875,65,43,148,B
41250,1,-2,24,28,-3,-19,-7,2,0.728516,-0.523438,0.473145,-0.5,-0.5625,-0.6875,65,43,148,B
35491,1,-1,-5,-4,-6,-15,-6,-3,0.680664,-0.549316,0.494141,-0.375,-1.75,-1.3125,65,46,127,F
35542,1,-1,-5,-4,-6,-15,-6,-3,0.680664,-0.549316,0.494141,-0.375,-1.75,-1.3125,65,46,127,F
50409,1,-1,-5,-1,-1,-10,-1,4,0.869629,-0.281738,0.376465,-4.6875,-1.0,1.1875,70,28,164,K
50460,1,-1,-5,-1,-1,-10,-1,4,0.869629,-0.281738,0.376465,-4.6875,-1.0,1.1875,70,28,164,K
35458,1,-1,-4,-1,1,-2,-1,13,0.67627,-0.537598,0.493652,1.4375,-3.875,-0.5625,66,46,125,F
35509,1,-1,-4,-1,1,-2,-1,13,0.67627,-0.537598,0.493652,1.4375,-3.875,-0.5625,66,46,125,F
35445,1,-1,0,2,1,-3,-2,-1,0.665039,-0.557129,0.501953,0.25,-2.0,0.4375,65,47,125,F
35496,1,-1,0,2,1,-3,-2,-1,0.665039,-0.557129,0.501953,0.25,-2.0,0.4375,65,47,125,F
48589,1,-1,2,0,-2,-1,-5,-6,0.946289,-0.17334,0.194336,0.5625,-1.3125,0.0,67,14,49,D
48640,1,-1,2,0,-2,-1,-5,-6,0.946289,-0.17334,0.194336,0.5625,-1.3125,0.0,67,14,49,D
48583,1,-1,7,5,0,23,9,9,0.948242,-0.172852,0.189453,2.5625,-0.9375,0.625,67,14,49,D
48634,1,-1,7,5,0,23,9,9,0.948242,-0.172852,0.189453,2.5625,-0.9375,0.625,67,14,49,D
53792,1,-1,11,3,0,-6,-3,-4,0.94043,-0.184082,0.163574,3.9375,-2.1875,0.5625,63,15,162,X
53894,1,-1,11,3,0,-6,-3,-4,0.94043,-0.184082,0.163574,3.9375,-2.1875,0.5625,63,15,162,X
51019,1,0,-7,-4,-3,-5,8,-3,0.811035,-0.418945,0.416016,-4.5625,-1.8125,-0.75,66,33,15,N
51223,1,0,-7,-4,-3,-5,8,-3,0.811035,-0.418945,0.416016,-4.5625,-1.8125,-0.75,66,33,15,N
53789,1,0,-4,-2,0,-18,-1,5,0.940918,-0.250488,0.194336,-3.4375,-1.625,-2.6875,63,15,162,X
53891,1,0,-4,-2,0,-18,-1,5,0.940918,-0.250488,0.194336,-3.4375,-1.625,-2.6875,63,15,162,X
53750,1,0,1,5,7,-1,-2,0,0.932617,-0.212891,0.202148,-10.4375,-1.1875,-4.25,64,15,159,X
53852,1,0,1,5,7,-1,-2,0,0.932617,-0.212891,0.202148,-10.4375,-1.1875,-4.25,64,15,159,X
35483,1,1,-16,-2,2,6,5,5,0.679688,-0.546387,0.489258,0.4375,-1.75,-0.5,65,46,126,F
35534,1,1,-16,-2,2,6,5,5,0.679688,-0.546387,0.489258,0.4375,-1.75,-0.5,65,46,126,F
53757,1,1,-3,-3,15,13,0,2,0.899414,-0.258301,0.245117,-17.3125,-1.25,-9.25,63,16,161,X
53859,1,1,-3,-3,15,13,0,2,0.899414,-0.258301,0.245117,-17.3125,-1.25,-9.25,63,16,161,X
48597,1,1,0,5,-4,-37,-4,0,0.958008,-0.164062,0.185059,-4.875,-0.75,-0.75,67,14,50,D
48648,1,1,0,5,-4,-37,-4,0,0.958008,-0.164062,0.185059,-4.875,-0.75,-0.75,67,14,50,D
50395,1,1,1,2,0,-2,-1,-1,0.874023,-0.347168,0.32373,3.5625,0.25,-10.9375,65,27,165,K
50446,1,1,1,2,0,-2,-1,-1,0.874023,-0.347168,0.32373,3.5625,0.25,-10.9375,65,27,165,K
51012,1,1,5,-3,-8,-6,8,48,0.794922,-0.399414,0.454102,-12.1875,4.6875,1.625,67,33,14,N
51216,1,1,5,-3,-8,-6,8,48,0.794922,-0.399414,0.454102,-12.1875,4.6875,1.625,67,33,14,N
48561,1,1,5,7,0,-2,2,1,0.939941,-0.199707,0.191406,-2.4375,-2.0625,-1.8125,66,15,50,D
48612,1,1,5,7,0,-2,2,1,0.939941,-0.199707,0.191406,-2.4375,-2.0625,-1.8125,66,15,50,D
50434,1,1,9,-7,4,7,5,0,0.871094,-0.292969,0.384766,0.5,-1.625,-0.6875,70,28,164,K
50485,1,1,9,-7,4,7,5,0,0.871094,-0.292969,0.384766,0.5,-1.625,-0.6875,70,28,164,K
53745,1,1,13,3,-9,-15,-3,-3,0.941406,-0.212891,0.158691,2.625,0.375,2.0625,63,16,160,X
53847,1,1,13,3,-9,-15,-3,-3,0.941406,-0.212891,0.158691,2.625,0.375,2.0625,63,16,160,X
35493,1,1,15,-1,-3,11,23,5,0.681641,-0.54248,0.489746,-0.3125,-1.5,-0.375,65,46,127,F
35544,1,1,15,-1,-3,11,23,5,0.681641,-0.54248,0.489746,-0.3125,-1.5,-0.375,65,46,127,F
35476,1,2,-13,1,7,17,29,6,0.677734,-0.544922,0.498047,0.4375,-2.125,0.6875,65,46,126,F
35527,1,2,-13,1,7,17,29,6,0.677734,-0.544922,0.498047,0.4375,-2.125,0.6875,65,46,126,F
53801,1,2,-2,2,-5,-2,-1,0,0.949219,-0.212402,0.17627,5.0625,-1.0,1.0,63,15,162,X
53903,1,2,-2,2,-5,-2,-1,0,0.949219,-0.212402,0.17627,5.0625,-1.0,1.0,63,15,162,X
53779,1,2,1,-4,-3,-4,8,12,0.953125,-0.194824,0.169922,11.5,-1.4375,2.25,63,15,162,X
53881,1,2,1,-4,-3,-4,8,12,0.953125,-0.194824,0.169922,11.5,-1.4375,2.25,63,15,162,X
53758,1,2,1,-2,7,4,-5,0,0.937012,-0.220215,0.221191,4.375,-6.125,-10.1875,63,16,161,X
53860,1,2,1,-2,7,4,-5,0,0.937012,-0.220215,0.221191,4.375,-6.125,-10.1875,63,16,161,X
35991,1,2,1,3,6,4,30,15,0.729004,-0.293945,0.617188,-0.1875,-3.1875,-0.375,77,41,116,H
36042,1,2,1,3,6,4,30,15,0.729004,-0.293945,0.617188,-0.1875,-3.1875,-0.375,77,41,116,H
30184,1,2,7,9,-3,2,-37,63,0.815918,-0.371582,0.421875,-0.0625,-0.125,-0.625,69,34,99,L
30235,1,2,7,9,-3,2,-37,63,0.815918,-0.371582,0.421875,-0.0625,-0.125,-0.625,69,34,99,L
51041,1,2,8,8,3,-3,-13,0,0.833496,-0.40332,0.362305,-6.5,-2.125,-1.4375,65,33,15,N
51245,1,2,8,8,3,-3,-13,0,0.833496,-0.40332,0.362305,-6.5,-2.125,-1.4375,65,33,15,N
34428,1,2,16,-1,5,-4,-18,3,0.791504,-0.242676,0.537109,4.4375,1.4375,-3.8125,77,35,90,B
34479,1,2,16,-1,5,-4,-18,3,0.791504,-0.242676,0.537109,4.4375,1.4375,-3.8125,77,35,90,B
40960,1,2,45,42,5,-40,-7,-3,0.647949,-0.584961,0.475098,3.875,-5.75,-21.6875,64,50,149,B
41215,1,2,45,42,5,-40,-7,-3,0.647949,-0.584961,0.475098,3.875,-5.75,-21.6875,64,50,149,B
53787,1,3,4,7,3,8,-3,-1,0.95166,-0.256348,0.189453,1.1875,-1.75,-2.625,63,15,162,X
53889,1,3,4,7,3,8,-3,-1,0.95166,-0.256348,0.189453,1.1875,-1.75,-2.625,63,15,162,X
7177,1,3,66,6,3,-1,1,5,0.466797,-0.625977,0.651367,0.625,-1.1875,0.0,68,62,4,Q
58789,1,3,66,6,3,-1,1,5,0.466797,-0.625977,0.651367,0.625,-1.1875,0.0,68,62,4,Q
53802,1,4,2,2,2,-5,-1,5,0.945312,-0.214844,0.174805,-4.8125,-1.6875,-1.3125,63,15,162,X
53904,1,4,2,2,2,-5,-1,5,0.945312,-0.214844,0.174805,-4.8125,-1.6875,-1.3125,63,15,162,X
41780,1,4,38,46,8,8,15,-6,0.752441,-0.499023,0.411133,7.5,-7.5625,-4.25,65,42,143,E
42035,1,4,38,46,8,8,15,-6,0.752441,-0.499023,0.411133,7.5,-7.5625,-4.25,65,42,143,E
34463,1,6,9,16,7,14,11,9,0.815918,-0.194336,0.515625,0.3125,-0.9375,0.125,79,32,90,B
34514,1,6,9,16,7,14,11,9,0.815918,-0.194336,0.515625,0.3125,-0.9375,0.125,79,32,90,B
51046,1,6,13,6,3,3,5,49,0.812988,-0.391602,0.370117,-0.6875,-2.3125,0.4375,65,33,16,N
51250,1,6,13,6,3,3,5,49,0.812988,-0.391602,0.370117,-0.6875,-2.3125,0.4375,65,33,16,N
7079,1,8,13,9,-3,-37,-8,15,0.478516,-0.61377,0.660645,-0.375,-0.1875,0.4375,68,62,3,Q
58691,1,8,13,9,-3,-37,-8,15,0.478516,-0.61377,0.660645,-0.375,-0.1875,0.4375,68,62,3,Q
40998,1,9,-9,-1,0,-7,-9,6,0.733398,-0.521484,0.466797,0.875,-0.75,0.625,65,43,148,B
41253,1,9,-9,-1,0,-7,-9,6,0.733398,-0.521484,0.466797,0.875,-0.75,0.625,65,43,148,B
51027,1,9,9,0,1,4,2,-2,0.813965,-0.437012,0.390137,0.5,-2.625,-0.5,65,34,16,N
51231,1,9,9,0,1,4,2,-2,0.813965,-0.437012,0.390137,0.5,-2.625,-0.5,65,34,16,N
50671,1,11,18,4,0,-4,2,17,0.836914,-0.374512,0.301758,-4.4375,-0.375,2.75,63,31,176,L
50722,1,11,18,4,0,-4,2,17,0.836914,-0.374512,0.301758,-4.4375,-0.375,2.75,63,31,176,L
7028,1,20,28,-6,-3,18,6,10,0.489258,-0.621582,0.660156,0.9375,0.6875,2.8125,68,61,3,Q
58640,1,20,28,-6,-3,18,6,10,0.489258,-0.621582,0.660156,0.9375,0.6875,2.8125,68,61,3,Q
7059,2,-66,-37,10,1,9,1,8,0.481934,-0.60791,0.66748,1.125,-0.4375,0.625,68,62,3,Q
58671,2,-66,-37,10,1,9,1,8,0.481934,-0.60791,0.66748,1.125,-0.4375,0.625,68,62,3,Q
6971,2,-37,24,-5,-2,27,5,-5,0.482422,-0.614258,0.653809,-0.375,0.0,0.0,68,61,3,Q
58583,2,-37,24,-5,-2,27,5,-5,0.482422,-0.614258,0.653809,-0.375,0.0,0.0,68,61,3,Q
7170,2,-24,-6,12,3,13,7,53,0.459961,-0.618652,0.659668,-1.8125,2.0625,1.4375,68,62,4,Q
58782,2,-24,-6,12,3,13,7,53,0.459961,-0.618652,0.659668,-1.8125,2.0625,1.4375,68,62,4,Q
7184,2,-19,-15,7,5,11,3,8,0.433594,-0.626953,0.668457,-4.0,4.0625,4.875,68,63,4,Q
58796,2,-19,-15,7,5,11,3,8,0.433594,-0.626953,0.668457,-4.0,4.0625,4.875,68,63,4,Q
51011,2,-12,-10,-23,-13,-32,4,-12,0.819824,-0.437012,0.453613,-8.8125,11.0625,-1.8125,67,32,14,N
51215,2,-12,-10,-23,-13,-32,4,-12,0.819824,-0.437012,0.453613,-8.8125,11.0625,-1.8125,67,32,14,N
41869,2,-8,-34,-46,-30,-3,-23,18,0.742188,-0.501953,0.45459,-1.0625,-0.375,-0.0625,66,42,143,E
42124,2,-8,-34,-46,-30,-3,-23,18,0.742188,-0.501953,0.45459,-1.0625,-0.375,-0.0625,66,42,143,E
53734,2,-5,-6,-18,-4,5,10,4,0.939453,-0.191406,0.17627,-1.6875,-0.6875,-1.3125,63,15,160,X
53836,2,-5,-6,-18,-4,5,10,4,0.939453,-0.191406,0.17627,-1.6875,-0.6875,-1.3125,63,15,160,X
53759,2,-4,-22,-4,-7,-12,-6,12,0.953125,-0.169922,0.136719,10.0625,-3.3125,-3.0,64,15,161,X
53861,2,-4,-22,-4,-7,-12,-6,12,0.953125,-0.169922,0.136719,10.0625,-3.3125,-3.0,64,15,161,X
50645,2,-3,-2,-2,-2,-5,-2,-1,0.842773,-0.428223,0.326172,1.0,-1.75,-1.1875,63,31,177,L
50696,2,-3,-2,-2,-2,-5,-2,-1,0.842773,-0.428223,0.326172,1.0,-1.75,-1.1875,63,31,177,L
50691,2,-3,2,-5,-1,2,51,30,0.842285,-0.427734,0.347168,8.5625,-2.375,2.4375,63,31,177,L
50742,2,-3,2,-5,-1,2,51,30,0.842285,-0.427734,0.347168,8.5625,-2.375,2.4375,63,31,177,L
48573,2,-3,6,4,1,15,21,1,0.942871,-0.15918,0.189453,3.125,-2.0,1.3125,67,14,49,D
48624,2,-3,6,4,1,15,21,1,0.942871,-0.15918,0.189453,3.125,-2.0,1.3125,67,14,49,D
35457,2,-2,-9,-2,-8,-19,-15,-3,0.665039,-0.520996,0.510254,-1.0,-0.1875,-1.5625,66,46,125,F
35508,2,-2,-9,-2,-8,-19,-15,-3,0.665039,-0.520996,0.510254,-1.0,-0.1875,-1.5625,66,46,125,F
53744,2,-2,-3,-6,4,-21,11,8,0.945312,-0.225586,0.185059,-1.875,-0.625,-2.125,63,16,160,X
53846,2,-2,-3,-6,4,-21,11,8,0.945312,-0.225586,0.185059,-1.875,-0.625,-2.125,63,16,160,X
48562,2,-1,-12,8,2,1,1,0,0.957031,-0.175781,0.203125,-8.5625,-2.9375,-7.9375,67,14,50,D
48613,2,-1,-12,8,2,1,1,0,0.957031,-0.175781,0.203125,-8.5625,-2.9375,-7.9375,67,14,50,D
53732,2,-1,-9,-3,1,-7,1,10,0.961426,-0.19873,0.137695,6.3125,-1.375,2.25,63,16,160,X
53834,2,-1,-9,-3,1,-7,1,10,0.961426,-0.19873,0.137695,6.3125,-1.375,2.25,63,16,160,X
50647,2,-1,-1,-3,-14,-13,-2,0,0.833496,-0.430176,0.336914,-0.5,-1.75,-0.3125,63,31,177,L
50698,2,-1,-1,-3,-14,-13,-2,0,0.833496,-0.430176,0.336914,-0.5,-1.75,-0.3125,63,31,177,L
48579,2,-1,6,-8,2,40,30,7,0.945312,-0.17041,0.206543,1.875,-2.6875,-1.0625,67,14,49,D
48630,2,-1,6,-8,2,40,30,7,0.945312,-0.17041,0.206543,1.875,-2.6875,-1.0625,67,14,49,D
50655,2,0,-6,-2,-7,-13,-6,9,0.824219,-0.372559,0.336914,-5.75,-5.8125,-13.0,63,32,176,L
50706,2,0,-6,-2,-7,-13,-6,9,0.824219,-0.372559,0.336914,-5.75,-5.8125,-13.0,63,32,176,L
51013,2,0,-1,9,19,10,4,-1,0.794434,-0.36084,0.405762,-0.3125,-11.875,0.5,67,33,14,N
51217,2,0,-1,9,19,10,4,-1,0.794434,-0.36084,0.405762,-0.3125,-11.875,0.5,67,33,14,N
51000,2,0,0,-2,-12,-13,-7,6,0.806152,-0.383789,0.412109,-1.0,-3.5,-2.4375,67,33,15,N
51204,2,0,0,-2,-12,-13,-7,6,0.806152,-0.383789,0.412109,-1.0,-3.5,-2.4375,67,33,15,N
35998,2,0,1,4,7,17,19,11,0.723145,-0.282227,0.618164,0.625,-1.5625,0.1875,77,41,116,H
36049,2,0,1,4,7,17,19,11,0.723145,-0.282227,0.618164,0.625,-1.5625,0.1875,77,41,116,H
53795,2,0,5,-3,-2,-1,1,2,0.950684,-0.226562,0.171387,-3.8125,-0.8125,-1.0625,63,15,163,X
53897,2,0,5,-3,-2,-1,1,2,0.950684,-0.226562,0.171387,-3.8125,-0.8125,-1.0625,63,15,163,X
48560,2,1,1,2,12,17,15,-1,0.943359,-0.182129,0.23291,-0.6875,-0.875,2.6875,67,15,50,D
48611,2,1,1,2,12,17,15,-1,0.943359,-0.182129,0.23291,-0.6875,-0.875,2.6875,67,15,50,D
35486,2,1,1,3,1,-2,-5,4,0.672363,-0.54541,0.489746,0.5,-2.5,-0.375,65,46,127,F
35537,2,1,1,3,1,-2,-5,4,0.672363,-0.54541,0.489746,0.5,-2.5,-0.375,65,46,127,F
25648,2,1,6,0,-1,2,-2,1,-0.846191,0.402344,0.428223,-0.1875,-1.625,0.0,110,144,36,T
25649,2,1,6,0,-1,2,-2,1,-0.846191,0.402344,0.428223,-0.1875,-1.625,0.0,110,144,36,T
25650,2,1,6,0,-1,2,-2,1,-0.846191,0.402344,0.428223,-0.1875,-1.625,0.0,110,144,36,T
25651,2,1,6,0,-1,2,-2,1,-0.846191,0.402344,0.428223,-0.1875,-1.625,0.0,110,144,36,T
25652,2,1,6,0,-1,2,-2,1,-0.846191,0.402344,0.428223,-0.1875,-1.625,0.0,110,144,36,T
35488,2,1,7,2,11,37,48,9,0.680176,-0.543457,0.48584,0.125,-1.5625,-0.125,65,46,127,F
35539,2,1,7,2,11,37,48,9,0.680176,-0.543457,0.48584,0.125,-1.5625,-0.125,65,46,127,F
48591,2,1,16,8,-3,-29,20,6,0.949219,-0.171387,0.188965,-4.125,-1.4375,-1.5625,68,14,49,D
48642,2,1,16,8,-3,-29,20,6,0.949219,-0.171387,0.188965,-4.125,-1.4375,-1.5625,68,14,49,D
51026,2,2,-9,1,15,23,2,-9,0.818848,-0.425781,0.398926,-2.9375,0.625,0.6875,65,34,16,N
51230,2,2,-9,1,15,23,2,-9,0.818848,-0.425781,0.398926,-2.9375,0.625,0.6875,65,34,16,N
53769,2,2,-5,-11,-3,4,-2,-4,0.920898,-0.216797,0.200684,-6.6875,-1.1875,-1.75,63,15,161,X
53871,2,2,-5,-11,-3,4,-2,-4,0.920898,-0.216797,0.200684,-6.6875,-1.1875,-1.75,63,15,161,X
35466,2,2,0,2,-1,37,28,4,0.67627,-0.541992,0.489746,-0.375,-0.375,-0.9375,65,45,126,F
35517,2,2,0,2,-1,37,28,4,0.67627,-0.541992,0.489746,-0.375,-0.375,-0.9375,65,45,126,F
48594,2,2,4,-1,-3,16,-11,2,0.941406,-0.231934,0.218262,-7.4375,-1.9375,-5.625,67,15,50,D
48645,2,2,4,-1,-3,16,-11,2,0.941406,-0.231934,0.218262,-7.4375,-1.9375,-5.625,67,15,50,D
51025,2,2,5,4,-3,4,8,-5,0.813477,-0.441406,0.405273,-3.9375,1.3125,0.4375,65,34,16,N
51229,2,2,5,4,-3,4,8,-5,0.813477,-0.441406,0.405273,-3.9375,1.3125,0.4375,65,34,16,N
53797,2,3,4,-2,5,2,7,-3,0.951172,-0.229492,0.174316,2.3125,-1.25,-1.125,63,15,162,X
53899,2,3,4,-2,5,2,7,-3,0.951172,-0.229492,0.174316,2.3125,-1.25,-1.125,63,15,162,X
50692,2,3,6,1,-1,0,-8,2,0.853516,-0.446289,0.32959,-2.375,-1.5,0.0,63,31,177,L
50743,2,3,6,1,-1,0,-8,2,0.853516,-0.446289,0.32959,-2.375,-1.5,0.0,63,31,177,L
35459,2,4,1,-3,-12,-23,-11,3,0.676758,-0.520996,0.502441,0.0,-7.4375,-0.125,66,45,125,F
35510,2,4,1,-3,-12,-23,-11,3,0.676758,-0.520996,0.502441,0.0,-7.4375,-0.125,66,45,125,F
35958,2,4,2,0,-4,-7,-22,-6,0.677734,-0.27002,0.680664,13.4375,-15.25,14.6875,79,45,111,H
36009,2,4,2,0,-4,-7,-22,-6,0.677734,-0.27002,0.680664,13.4375,-15.25,14.6875,79,45,111,H
34430,2,4,5,9,11,45,91,18,0.786621,-0.230957,0.552246,7.0,-7.4375,-2.3125,77,35,90,B
34481,2,4,5,9,11,45,91,18,0.786621,-0.230957,0.552246,7.0,-7.4375,-2.3125,77,35,90,B
40962,2,4,15,17,9,17,16,9,0.720703,-0.552734,0.413086,-2.0,-6.25,-10.875,65,48,149,B
41217,2,4,15,17,9,17,16,9,0.720703,-0.552734,0.413086,-2.0,-6.25,-10.875,65,48,149,B
41775,2,5,-2,-25,1,-2,19,1,0.63916,-0.632324,0.522461,-0.3125,-15.0625,-28.125,65,46,143,E
42030,2,5,-2,-25,1,-2,19,1,0.63916,-0.632324,0.522461,-0.3125,-15.0625,-28.125,65,46,143,E
7140,2,7,2,1,-1,-15,-6,-6,0.429688,-0.621582,0.688965,0.25,-0.125,0.125,68,65,3,Q
58752,2,7,2,1,-1,-15,-6,-6,0.429688,-0.621582,0.688965,0.25,-0.125,0.125,68,65,3,Q
35975,2,8,-4,-2,-3,1,-6,2,0.726562,-0.276855,0.60791,-0.25,-1.1875,2.125,77,41,115,H
36026,2,8,-4,-2,-3,1,-6,2,0.726562,-0.276855,0.60791,-0.25,-1.1875,2.125,77,41,115,H
7173,2,10,24,-15,-7,-4,-2,18,0.468262,-0.640137,0.665039,-0.3125,-2.3125,1.375,68,62,4,Q
58785,2,10,24,-15,-7,-4,-2,18,0.468262,-0.640137,0.665039,-0.3125,-2.3125,1.375,68,62,4,Q
51009,2,12,7,-9,3,-3,7,34,0.824707,-0.394531,0.397461,-26.3125,10.5625,-9.3125,67,31,15,N
51213,2,12,7,-9,3,-3,7,34,0.824707,-0.394531,0.397461,-26.3125,10.5625,-9.3125,67,31,15,N
30168,2,13,-4,-6,-1,-7,28,-34,0.818848,-0.379883,0.444336,-2.4375,0.3125,0.25,69,34,99,L
30219,2,13,-4,-6,-1,-7,28,-34,0.818848,-0.379883,0.444336,-2.4375,0.3125,0.25,69,34,99,L
7190,2,15,8,-6,2,1,4,-1,0.489746,-0.611816,0.662109,3.3125,3.75,-2.875,68,61,4,Q
58802,2,15,8,-6,2,1,4,-1,0.489746,-0.611816,0.662109,3.3125,3.75,-2.875,68,61,4,Q
40989,2,18,16,8,-6,-15,-26,-4,0.729004,-0.510742,0.472656,-1.8125,0.3125,-1.3125,65,43,148,B
41244,2,18,16,8,-6,-15,-26,-4,0.729004,-0.510742,0.472656,-1.8125,0.3125,-1.3125,65,43,148,B
7007,3,-23,-16,15,4,27,17,-28,0.477051,-0.618652,0.651855,0.25,0.3125,-1.3125,67,62,3,Q
58619,3,-23,-16,15,4,27,17,-28,0.477051,-0.618652,0.651855,0.25,0.3125,-1.3125,67,62,3,Q
50421,3,-16,-7,-2,-6,-21,-6,-3,0.864258,-0.303711,0.388672,6.25,-1.375,1.75,70,28,164,K
50472,3,-16,-7,-2,-6,-21,-6,-3,0.864258,-0.303711,0.388672,6.25,-1.375,1.75,70,28,164,K
6999,3,-10,2,-15,6,41,18,4,0.484863,-0.64209,0.646973,-1.1875,-2.4375,5.1875,68,61,3,Q
58611,3,-10,2,-15,6,41,18,4,0.484863,-0.64209,0.646973,-1.1875,-2.4375,5.1875,68,61,3,Q
50432,3,-8,44,-1,1,-6,1,5,0.865723,-0.317871,0.403809,-0.1875,-2.0625,-0.4375,70,28,164,K
50483,3,-8,44,-1,1,-6,1,5,0.865723,-0.317871,0.403809,-0.1875,-2.0625,-0.4375,70,28,164,K
40974,3,-4,-16,-11,-4,-20,-80,0,0.71875,-0.517578,0.462402,-0.5625,-0.875,-0.375,65,43,148,B
41229,3,-4,-16,-11,-4,-20,-80,0,0.71875,-0.517578,0.462402,-0.5625,-0.875,-0.375,65,43,148,B
50414,3,-2,-27,6,-6,-4,-6,1,0.870605,-0.329102,0.378906,1.1875,-0.8125,-0.3125,70,28,164,K
50465,3,-2,-27,6,-6,-4,-6,1,0.870605,-0.329102,0.378906,1.1875,-0.8125,-0.3125,70,28,164,K
4784,3,-2,-18,-22,-9,1,4,1,0.83252,-0.398926,0.383789,1.25,-2.0625,0.875,67,33,34,S
4886,3,-2,-18,-22,-9,1,4,1,0.83252,-0.398926,0.383789,1.25,-2.0625,0.875,67,33,34,S
34434,3,-2,-7,-10,-4,-32,-11,10,0.813477,-0.199219,0.521973,6.5,-6.3125,-1.4375,78,33,89,B
34485,3,-2,-7,-10,-4,-32,-11,10,0.813477,-0.199219,0.521973,6.5,-6.3125,-1.4375,78,33,89,B
50693,3,-1,-7,5,2,0,-17,2,0.833496,-0.411621,0.333984,4.5625,-1.75,-0.75,63,31,177,L
50744,3,-1,-7,5,2,0,-17,2,0.833496,-0.411621,0.333984,4.5625,-1.75,-0.75,63,31,177,L
53776,3,-1,-4,-4,2,8,1,1,0.933594,-0.246094,0.200684,-9.0,-3.125,-6.25,62,16,163,X
53878,3,-1,-4,-4,2,8,1,1,0.933594,-0.246094,0.200684,-9.0,-3.125,-6.25,62,16,163,X
50687,3,-1,0,3,-5,-8,-2,13,0.834961,-0.415527,0.334961,7.375,-2.25,-0.0625,63,31,176,L
50738,3,-1,0,3,-5,-8,-2,13,0.834961,-0.415527,0.334961,7.375,-2.25,-0.0625,63,31,176,L
50674,3,-1,1,-8,-3,2,-4,-1,0.830078,-0.426758,0.314941,-3.0,-1.5,1.625,63,31,176,L
50725,3,-1,1,-8,-3,2,-4,-1,0.830078,-0.426758,0.314941,-3.0,-1.5,1.625,63,31,176,L
53793,3,-1,2,3,-3,6,-9,-8,0.944336,-0.235352,0.186523,-6.5625,-2.6875,-3.0625,63,15,162,X
53895,3,-1,2,3,-3,6,-9,-8,0.944336,-0.235352,0.186523,-6.5625,-2.6875,-3.0625,63,15,162,X
35487,3,0,-12,-3,5,28,15,5,0.680176,-0.541016,0.487305,0.25,-2.0625,0.0625,65,46,127,F
35538,3,0,-12,-3,5,28,15,5,0.680176,-0.541016,0.487305,0.25,-2.0625,0.0625,65,46,127,F
4773,3,0,4,1,-2,1,-9,-5,0.834473,-0.419922,0.38916,5.75,-0.625,-0.125,67,33,34,S
4875,3,0,4,1,-2,1,-9,-5,0.834473,-0.419922,0.38916,5.75,-0.625,-0.125,67,33,34,S
53711,3,1,-10,-10,-1,-18,-3,-3,0.918945,-0.265625,0.235352,-12.5625,0.5,-1.75,63,16,160,X
53813,3,1,-10,-10,-1,-18,-3,-3,0.918945,-0.265625,0.235352,-12.5625,0.5,-1.75,63,16,160,X
35479,3,1,1,-2,-3,-5,2,8,0.672363,-0.541992,0.497559,0.8125,-2.0625,1.25,65,46,126,F
35530,3,1,1,-2,-3,-5,2,8,0.672363,-0.541992,0.497559,0.8125,-2.0625,1.25,65,46,126,F
35453,3,2,0,2,-9,-4,-4,9,0.650879,-0.583984,0.476562,2.8125,-7.6875,-6.75,65,47,125,F
35504,3,2,0,2,-9,-4,-4,9,0.650879,-0.583984,0.476562,2.8125,-7.6875,-6.75,65,47,125,F
35463,3,2,6,7,10,7,19,5,0.686035,-0.526855,0.50293,0.625,1.0625,4.0625,65,45,125,F
35514,3,2,6,7,10,7,19,5,0.686035,-0.526855,0.50293,0.625,1.0625,4.0625,65,45,125,F
53781,3,2,9,6,5,4,0,4,0.959961,-0.21875,0.15918,12.4375,-1.1875,3.5,63,15,162,X
53883,3,2,9,6,5,4,0,4,0.959961,-0.21875,0.15918,12.4375,-1.1875,3.5,63,15,162,X
41776,3,2,10,-7,3,11,86,8,0.757324,-0.480469,0.435547,-7.875,-7.375,-12.5,65,45,143,E
42031,3,2,10,-7,3,11,86,8,0.757324,-0.480469,0.435547,-7.875,-7.375,-12.5,65,45,143,E
35461,3,3,7,-1,-3,-30,1,11,0.694824,-0.544434,0.483398,-0.5625,-5.5625,-0.9375,66,45,125,F
35512,3,3,7,-1,-3,-30,1,11,0.694824,-0.544434,0.483398,-0.5625,-5.5625,-0.9375,66,45,125,F
35969,3,3,7,6,14,62,121,24,0.743652,-0.291504,0.603516,-0.5625,2.9375,-3.1875,77,41,116,H
36020,3,3,7,6,14,62,121,24,0.743652,-0.291504,0.603516,-0.5625,2.9375,-3.1875,77,41,116,H
53728,3,3,11,15,2,-13,-5,-4,0.935547,-0.197266,0.168945,-5.3125,-1.1875,-0.6875,63,16,160,X
53830,3,3,11,15,2,-13,-5,-4,0.935547,-0.197266,0.168945,-5.3125,-1.1875,-0.6875,63,16,160,X
35447,3,4,0,-3,-2,-11,-9,3,0.663086,-0.550293,0.503418,-1.125,-3.5,-0.6875,65,47,125,F
35498,3,4,0,-3,-2,-11,-9,3,0.663086,-0.550293,0.503418,-1.125,-3.5,-0.6875,65,47,125,F
41817,3,5,-13,-9,-6,-2,32,21,0.75,-0.491211,0.447266,-0.4375,0.5,-0.25,65,41,143,E
42072,3,5,-13,-9,-6,-2,32,21,0.75,-0.491211,0.447266,-0.4375,0.5,-0.25,65,41,143,E
41835,3,6,-20,-13,-20,35,-8,0,0.736328,-0.537109,0.462891,-4.0,-2.625,-6.125,65,43,143,E
42090,3,6,-20,-13,-20,35,-8,0,0.736328,-0.537109,0.462891,-4.0,-2.625,-6.125,65,43,143,E
35456,3,7,-1,-1,4,18,-10,10,0.700195,-0.530762,0.49707,0.0625,-0.125,-3.875,66,46,125,F
35507,3,7,-1,-1,4,18,-10,10,0.700195,-0.530762,0.49707,0.0625,-0.125,-3.875,66,46,125,F
35450,3,9,3,2,-1,-2,19,14,0.668945,-0.547852,0.506348,3.25,1.875,6.125,65,47,125,F
35501,3,9,3,2,-1,-2,19,14,0.668945,-0.547852,0.506348,3.25,1.875,6.125,65,47,125,F
51035,3,9,9,-4,2,-1,5,2,0.819336,-0.422852,0.387207,1.75,-3.875,0.9375,65,33,16,N
51239,3,9,9,-4,2,-1,5,2,0.819336,-0.422852,0.387207,1.75,-3.875,0.9375,65,33,16,N
51032,3,9,27,5,2,1,0,0,0.820312,-0.404297,0.376953,-0.5,-1.8125,-0.5,65,33,15,N
51236,3,9,27,5,2,1,0,0,0.820312,-0.404297,0.376953,-0.5,-1.8125,-0.5,65,33,15,N
4744,3,10,6,-1,-2,-9,-38,-9,0.846191,-0.397461,0.358398,3.5625,1.25,1.0,66,31,37,S
4846,3,10,6,-1,-2,-9,-38,-9,0.846191,-0.397461,0.358398,3.5625,1.25,1.0,66,31,37,S
50407,3,21,18,9,3,5,3,1,0.869629,-0.305176,0.370605,2.9375,2.8125,3.25,70,27,164,K
50458,3,21,18,9,3,5,3,1,0.869629,-0.305176,0.370605,2.9375,2.8125,3.25,70,27,164,K
41808,3,21,115,114,2,-7,17,-5,0.744141,-0.505371,0.443848,-0.1875,0.0,0.125,65,41,143,E
42063,3,21,115,114,2,-7,17,-5,0.744141,-0.505371,0.443848,-0.1875,0.0,0.125,65,41,143,E
50397,3,31,-18,-3,-7,-21,-1,10,0.875977,-0.266113,0.32373,8.375,1.3125,-3.3125,67,26,164,K
50448,3,31,-18,-3,-7,-21,-1,10,0.875977,-0.266113,0.32373,8.375,1.3125,-3.3125,67,26,164,K
7003,4,-29,-12,-3,-8,4,-17,1,0.462891,-0.628906,0.646973,-0.25,1.0,0.75,67,62,3,Q
58615,4,-29,-12,-3,-8,4,-17,1,0.462891,-0.628906,0.646973,-0.25,1.0,0.75,67,62,3,Q
40970,4,-27,-81,-71,-8,-50,-36,2,0.724609,-0.53125,0.463867,6.25,-6.125,-8.0,65,44,148,B
41225,4,-27,-81,-71,-8,-50,-36,2,0.724609,-0.53125,0.463867,6.25,-6.125,-8.0,65,44,148,B
36001,4,-12,-5,-3,2,13,25,-2,0.723633,-0.288086,0.61377,0.4375,-0.6875,-1.0,77,41,116,H
36052,4,-12,-5,-3,2,13,25,-2,0.723633,-0.288086,0.61377,0.4375,-0.6875,-1.0,77,41,116,H
41807,4,-9,-20,-32,-13,-41,-51,10,0.743164,-0.510742,0.455566,0.9375,-0.625,0.875,65,41,143,E
42062,4,-9,-20,-32,-13,-41,-51,10,0.743164,-0.510742,0.455566,0.9375,-0.625,0.875,65,41,143,E
53741,4,-5,-7,0,-20,-11,-5,2,0.938477,-0.213867,0.185059,-3.0,-0.8125,-0.6875,63,16,160,X
53843,4,-5,-7,0,-20,-11,-5,2,0.938477,-0.213867,0.185059,-3.0,-0.8125,-0.6875,63,16,160,X
53730,4,-5,13,-3,0,3,2,10,0.947266,-0.196777,0.171387,-2.4375,-1.1875,0.0,63,16,160,X
53832,4,-5,13,-3,0,3,2,10,0.947266,-0.196777,0.171387,-2.4375,-1.1875,0.0,63,16,160,X
35985,4,-4,3,3,8,37,55,11,0.721191,-0.293945,0.613281,0.4375,0.1875,0.25,77,41,116,H
36036,4,-4,3,3,8,37,55,11,0.721191,-0.293945,0.613281,0.4375,0.1875,0.25,77,41,116,H
48587,4,-2,1,-3,-1,9,-2,1,0.951172,-0.160645,0.202637,0.75,-0.1875,1.6875,67,14,49,D
48638,4,-2,1,-3,-1,9,-2,1,0.951172,-0.160645,0.202637,0.75,-0.1875,1.6875,67,14,49,D
7089,4,-1,-4,2,0,-1,-2,-3,0.441406,-0.618164,0.683594,0.125,-1.6875,0.875,68,64,3,Q
58701,4,-1,-4,2,0,-1,-2,-3,0.441406,-0.618164,0.683594,0.125,-1.6875,0.875,68,64,3,Q
48576,4,-1,0,6,4,26,1,5,0.947754,-0.189453,0.208008,-3.0625,-1.9375,-2.25,67,14,49,D
48627,4,-1,0,6,4,26,1,5,0.947754,-0.189453,0.208008,-3.0625,-1.9375,-2.25,67,14,49,D
53774,4,0,-6,-8,-8,-15,-2,7,0.947266,-0.217773,0.179688,7.625,-1.3125,5.875,63,16,162,X
53876,4,0,-6,-8,-8,-15,-2,7,0.947266,-0.217773,0.179688,7.625,-1.3125,5.875,63,16,162,X
50437,4,0,-6,0,-2,-12,-1,-2,0.873047,-0.305664,0.402832,-0.375,-1.9375,0.1875,70,28,164,K
50488,4,0,-6,0,-2,-12,-1,-2,0.873047,-0.305664,0.402832,-0.375,-1.9375,0.1875,70,28,164,K
53763,4,0,-5,-7,-5,-6,-2,2,0.931641,-0.218262,0.187012,-8.375,-2.4375,-3.625,63,15,161,X
53865,4,0,-5,-7,-5,-6,-2,2,0.931641,-0.218262,0.187012,-8.375,-2.4375,-3.625,63,15,161,X
53727,4,0,-5,-7,-4,0,1,7,0.925781,-0.248535,0.208496,0.9375,-0.6875,-1.0625,63,16,160,X
53829,4,0,-5,-7,-4,0,1,7,0.925781,-0.248535,0.208496,0.9375,-0.6875,-1.0625,63,16,160,X
6938,4,0,0,3,8,16,9,4,0.466797,-0.616699,0.677734,0.3125,-0.25,1.0625,68,63,1,Q
58550,4,0,0,3,8,16,9,4,0.466797,-0.616699,0.677734,0.3125,-0.25,1.0625,68,63,1,Q
53771,4,1,2,1,-1,-9,-4,1,0.931152,-0.193848,0.195312,-6.4375,-4.625,-1.5,63,15,161,X
53873,4,1,2,1,-1,-9,-4,1,0.931152,-0.193848,0.195312,-6.4375,-4.625,-1.5,63,15,161,X
40992,4,2,-11,-28,-3,11,45,17,0.731445,-0.497559,0.45459,1.375,0.1875,1.0625,65,43,148,B
41247,4,2,-11,-28,-3,11,45,17,0.731445,-0.497559,0.45459,1.375,0.1875,1.0625,65,43,148,B
50660,4,2,1,4,12,17,28,11,0.824707,-0.477539,0.38916,-11.875,-9.5625,-8.0,63,31,176,L
50711,4,2,1,4,12,17,28,11,0.824707,-0.477539,0.38916,-11.875,-9.5625,-8.0,63,31,176,L
4767,4,2,2,2,-2,2,-6,0,0.831543,-0.383789,0.408203,-2.625,-0.375,0.6875,67,33,33,S
4869,4,2,2,2,-2,2,-6,0,0.831543,-0.383789,0.408203,-2.625,-0.375,0.6875,67,33,33,S
53783,4,2,3,3,2,16,10,4,0.95166,-0.258789,0.185059,5.6875,-0.3125,1.125,63,15,162,X
53885,4,2,3,3,2,16,10,4,0.95166,-0.258789,0.185059,5.6875,-0.3125,1.125,63,15,162,X
50396,4,2,7,4,7,10,4,3,0.873047,-0.294922,0.342285,13.375,3.5625,-10.6875,67,26,164,K
50447,4,2,7,4,7,10,4,3,0.873047,-0.294922,0.342285,13.375,3.5625,-10.6875,67,26,164,K
50682,4,3,-1,-2,0,5,9,-5,0.845215,-0.416016,0.328613,7.625,-2.8125,2.625,63,31,176,L
50733,4,3,-1,-2,0,5,9,-5,0.845215,-0.416016,0.328613,7.625,-2.8125,2.625,63,31,176,L
48567,4,3,3,3,8,-7,6,7,0.947754,-0.178711,0.175781,-0.3125,-1.5,1.125,67,14,49,D
48618,4,3,3,3,8,-7,6,7,0.947754,-0.178711,0.175781,-0.3125,-1.5,1.125,67,14,49,D
41791,4,3,37,0,-7,-25,-11,-6,0.745117,-0.500488,0.447266,-1.875,0.1875,-0.6875,65,41,143,E
42046,4,3,37,0,-7,-25,-11,-6,0.745117,-0.500488,0.447266,-1.875,0.1875,-0.6875,65,41,143,E
53722,4,4,8,5,-2,-11,-8,-4,0.934082,-0.220703,0.171387,-7.625,-0.5625,-2.3125,63,16,161,X
53824,4,4,8,5,-2,-11,-8,-4,0.934082,-0.220703,0.171387,-7.625,-0.5625,-2.3125,63,16,161,X
51029,4,4,10,3,7,7,25,-1,0.789551,-0.433105,0.376465,2.625,-2.75,-4.625,65,34,16,N
51233,4,4,10,3,7,7,25,-1,0.789551,-0.433105,0.376465,2.625,-2.75,-4.625,65,34,16,N
53762,4,5,4,0,-10,-14,-4,5,0.951172,-0.220215,0.193848,16.25,-3.25,5.0625,63,15,161,X
53864,4,5,4,0,-10,-14,-4,5,0.951172,-0.220215,0.193848,16.25,-3.25,5.0625,63,15,161,X
50680,4,6,10,6,1,1,-5,2,0.835449,-0.416992,0.332031,0.3125,-1.375,-0.5625,63,31,176,L
50731,4,6,10,6,1,1,-5,2,0.835449,-0.416992,0.332031,0.3125,-1.375,-0.5625,63,31,176,L
41837,4,6,33,-12,0,-2,53,19,0.737305,-0.516113,0.471191,5.625,-3.5,-3.5,65,42,143,E
42092,4,6,33,-12,0,-2,53,19,0.737305,-0.516113,0.471191,5.625,-3.5,-3.5,65,42,143,E
51042,4,7,6,13,6,0,26,-11,0.819824,-0.399414,0.365723,4.9375,-3.0625,1.4375,65,33,16,N
51246,4,7,6,13,6,0,26,-11,0.819824,-0.399414,0.365723,4.9375,-3.0625,1.4375,65,33,16,N
51024,4,10,23,5,-2,-2,19,7,0.823242,-0.43457,0.367676,-4.5625,0.875,-1.625,65,34,16,N
51228,4,10,23,5,-2,-2,19,7,0.823242,-0.43457,0.367676,-4.5625,0.875,-1.625,65,34,16,N
50667,4,11,14,2,-4,-9,20,21,0.861816,-0.412598,0.303223,-0.4375,2.75,2.25,63,30,176,L
50718,4,11,14,2,-4,-9,20,21,0.861816,-0.412598,0.303223,-0.4375,2.75,2.25,63,30,176,L
50436,4,13,-6,3,-2,4,-6,1,0.867188,-0.296875,0.373047,0.1875,-1.9375,-0.8125,70,28,164,K
50487,4,13,-6,3,-2,4,-6,1,0.867188,-0.296875,0.373047,0.1875,-1.9375,-0.8125,70,28,164,K
6942,4,14,1,5,1,-1,-3,-26,0.466309,-0.618164,0.68457,4.25,-2.625,0.1875,68,63,1,Q
58554,4,14,1,5,1,-1,-3,-26,0.466309,-0.618164,0.68457,4.25,-2.625,0.1875,68,63,1,Q
40991,4,15,35,31,2,-4,-15,-8,0.729492,-0.524902,0.476562,-2.625,-0.25,-1.5625,65,43,148,B
41246,4,15,35,31,2,-4,-15,-8,0.729492,-0.524902,0.476562,-2.625,-0.25,-1.5625,65,43,148,B
7188,4,17,10,8,-1,-6,0,1,0.495117,-0.61377,0.640137,4.1875,-4.8125,-9.375,68,62,4,Q
58800,4,17,10,8,-1,-6,0,1,0.495117,-0.61377,0.640137,4.1875,-4.8125,-9.375,68,62,4,Q
7081,4,35,4,-2,7,-4,-8,-18,0.478027,-0.616211,0.663086,-0.875,0.625,-0.125,68,62,3,Q
58693,4,35,4,-2,7,-4,-8,-18,0.478027,-0.616211,0.663086,-0.875,0.625,-0.125,68,62,3,Q
6952,5,-40,-41,-35,-3,10,12,23,0.482422,-0.628906,0.647461,1.375,-3.875,1.1875,68,61,3,Q
58564,5,-40,-41,-35,-3,10,12,23,0.482422,-0.628906,0.647461,1.375,-3.875,1.1875,68,61,3,Q
6991,5,-40,-2,-2,-1,1,-1,-5,0.479492,-0.613281,0.678711,-1.9375,3.75,-10.4375,68,63,2,Q
58603,5,-40,-2,-2,-1,1,-1,-5,0.479492,-0.613281,0.678711,-1.9375,3.75,-10.4375,68,63,2,Q
6945,5,-36,0,1,-4,-5,0,-4,0.464355,-0.550781,0.663574,-4.75,2.1875,-4.0625,69,62,0,Q
58557,5,-36,0,1,-4,-5,0,-4,0.464355,-0.550781,0.663574,-4.75,2.1875,-4.0625,69,62,0,Q
41773,5,-5,-28,-12,-4,-3,31,-2,0.665527,-0.528809,0.575195,-16.125,-2.3125,10.1875,65,47,144,E
42028,5,-5,-28,-12,-4,-3,31,-2,0.665527,-0.528809,0.575195,-16.125,-2.3125,10.1875,65,47,144,E
4792,5,-4,-13,-9,-1,-20,-8,-3,0.83252,-0.396973,0.379883,-0.8125,-1.125,-2.3125,67,33,34,S
4894,5,-4,-13,-9,-1,-20,-8,-3,0.83252,-0.396973,0.379883,-0.8125,-1.125,-2.3125,67,33,34,S
51018,5,-3,-9,-1,-5,7,7,3,0.828613,-0.388672,0.407715,-3.625,-0.5625,-3.625,66,33,15,N
51222,5,-3,-9,-1,-5,7,7,3,0.828613,-0.388672,0.407715,-3.625,-0.5625,-3.625,66,33,15,N
4777,5,-3,-2,1,-3,-11,-3,1,0.821777,-0.386719,0.397461,-0.25,-0.3125,-2.3125,67,33,33,S
4879,5,-3,-2,1,-3,-11,-3,1,0.821777,-0.386719,0.397461,-0.25,-0.3125,-2.3125,67,33,33,S
41853,5,-2,-35,-17,-2,-6,14,17,0.745117,-0.501465,0.453613,1.8125,0.9375,0.5625,65,42,143,E
42108,5,-2,-35,-17,-2,-6,14,17,0.745117,-0.501465,0.453613,1.8125,0.9375,0.5625,65,42,143,E
53790,5,-2,-8,-6,8,-5,0,-3,0.941406,-0.189941,0.159668,-4.375,-1.0,1.6875,63,15,162,X
53892,5,-2,-8,-6,8,-5,0,-3,0.941406,-0.189941,0.159668,-4.375,-1.0,1.6875,63,15,162,X
41833,5,0,-30,-18,-8,14,21,0,0.722656,-0.533691,0.458008,-6.375,-4.1875,-5.6875,65,43,143,E
42088,5,0,-30,-18,-8,14,21,0,0.722656,-0.533691,0.458008,-6.375,-4.1875,-5.6875,65,43,143,E
50686,5,0,-4,-6,1,8,19,28,0.84375,-0.402344,0.322754,0.375,0.4375,0.4375,63,31,176,L
50737,5,0,-4,-6,1,8,19,28,0.84375,-0.402344,0.322754,0.375,0.4375,0.4375,63,31,176,L
4774,5,0,-1,-6,-2,-2,-13,0,0.82373,-0.40625,0.376953,-0.75,1.75,-1.0625,67,33,34,S
4876,5,0,-1,-6,-2,-2,-13,0,0.82373,-0.40625,0.376953,-0.75,1.75,-1.0625,67,33,34,S
4791,5,0,-1,1,0,2,0,2,0.826172,-0.402344,0.390625,0.0,-0.75,-1.4375,67,33,34,S
4893,5,0,-1,1,0,2,0,2,0.826172,-0.402344,0.390625,0.0,-0.75,-1.4375,67,33,34,S
35955,5,0,1,-1,3,11,11,7,0.660645,-0.255371,0.702637,8.1875,-0.1875,-4.375,79,46,110,H
36006,5,0,1,-1,3,11,11,7,0.660645,-0.255371,0.702637,8.1875,-0.1875,-4.375,79,46,110,H
51040,5,0,2,-7,-14,-13,1,2,0.802734,-0.416992,0.39502,-1.5625,-1.875,-3.875,65,33,15,N
51244,5,0,2,-7,-14,-13,1,2,0.802734,-0.416992,0.39502,-1.5625,-1.875,-3.875,65,33,15,N
6955,5,4,-27,28,1,16,11,2,0.48291,-0.619629,0.632812,0.5625,-0.625,0.0625,68,61,3,Q
58567,5,4,-27,28,1,16,11,2,0.48291,-0.619629,0.632812,0.5625,-0.625,0.0625,68,61,3,Q
34458,5,4,20,10,10,37,20,-1,0.814941,-0.190918,0.517578,0.1875,-2.1875,-0.875,79,32,90,B
34509,5,4,20,10,10,37,20,-1,0.814941,-0.190918,0.517578,0.1875,-2.1875,-0.875,79,32,90,B
7024,5,5,5,0,-8,-20,-13,8,0.476562,-0.618652,0.647949,0.5,-0.1875,-1.3125,68,62,3,Q
58636,5,5,5,0,-8,-20,-13,8,0.476562,-0.618652,0.647949,0.5,-0.1875,-1.3125,68,62,3,Q
40965,5,6,-39,15,7,-10,-15,-12,0.697266,-0.542969,0.478516,6.9375,-3.75,-3.625,64,47,149,B
41220,5,6,-39,15,7,-10,-15,-12,0.697266,-0.542969,0.478516,6.9375,-3.75,-3.625,64,47,149,B
34436,5,6,13,1,11,25,37,6,0.824219,-0.177734,0.522461,4.4375,-8.1875,1.875,78,32,90,B
34487,5,6,13,1,11,25,37,6,0.824219,-0.177734,0.522461,4.4375,-8.1875,1.875,78,32,90,B
50690,5,8,10,5,3,5,4,23,0.849609,-0.426758,0.319824,-7.5,-0.9375,-0.375,63,31,176,L
50741,5,8,10,5,3,5,4,23,0.849609,-0.426758,0.319824,-7.5,-0.9375,-0.375,63,31,176,L
35989,5,12,5,2,-3,8,8,-4,0.730469,-0.282227,0.612793,0.875,-0.875,-0.25,77,41,116,H
36040,5,12,5,2,-3,8,8,-4,0.730469,-0.282227,0.612793,0.875,-0.875,-0.25,77,41,116,H
51014,5,13,13,-5,-11,-5,-10,0,0.831543,-0.375488,0.375,4.125,-10.9375,4.125,67,32,15,N
51218,5,13,13,-5,-11,-5,-10,0,0.831543,-0.375488,0.375,4.125,-10.9375,4.125,67,32,15,N
7117,5,60,19,18,-3,-17,-8,-11,0.473145,-0.631348,0.65625,-0.1875,-0.3125,1.4375,68,62,4,Q
58729,5,60,19,18,-3,-17,-8,-11,0.473145,-0.631348,0.65625,-0.1875,-0.3125,1.4375,68,62,4,Q
30145,6,-19,-13,-9,-31,-33,-11,42,0.751465,-0.305664,0.54834,3.375,-9.375,12.5,71,40,96,L
30196,6,-19,-13,-9,-31,-33,-11,42,0.751465,-0.305664,0.54834,3.375,-9.375,12.5,71,40,96,L
7179,6,-17,-45,13,3,16,10,13,0.480469,-0.624023,0.657715,0.5625,1.0625,-1.3125,68,62,4,Q
58791,6,-17,-45,13,3,16,10,13,0.480469,-0.624023,0.657715,0.5625,1.0625,-1.3125,68,62,4,Q
7102,6,-13,3,-16,-6,-5,-6,-21,0.483398,-0.625977,0.651367,-0.1875,-0.9375,0.5,68,62,4,Q
58714,6,-13,3,-16,-6,-5,-6,-21,0.483398,-0.625977,0.651367,-0.1875,-0.9375,0.5,68,62,4,Q
7125,6,-8,-4,-19,-1,6,-6,-27,0.469238,-0.617676,0.654297,-1.3125,2.0,-0.5,68,62,4,Q
58737,6,-8,-4,-19,-1,6,-6,-27,0.469238,-0.617676,0.654297,-1.3125,2.0,-0.5,68,62,4,Q
50659,6,-7,20,3,1,3,-6,4,0.82373,-0.437012,0.346191,-2.875,-5.5,1.375,63,31,176,L
50710,6,-7,20,3,1,3,-6,4,0.82373,-0.437012,0.346191,-2.875,-5.5,1.375,63,31,176,L
34475,6,-5,-15,0,0,4,1,1,0.81543,-0.199219,0.520996,0.125,-2.4375,0.0,79,32,90,B
34526,6,-5,-15,0,0,4,1,1,0.81543,-0.199219,0.520996,0.125,-2.4375,0.0,79,32,90,B
37451,6,-4,1,1,4,-5,-29,-9,0.721191,-0.520996,0.474609,-1.5,-1.6875,-6.125,65,41,122,N
37452,6,-4,1,1,4,-5,-29,-9,0.721191,-0.520996,0.474609,-1.5,-1.6875,-6.125,65,41,122,N
37453,6,-4,1,1,4,-5,-29,-9,0.721191,-0.520996,0.474609,-1.5,-1.6875,-6.125,65,41,122,N
37454,6,-4,1,1,4,-5,-29,-9,0.721191,-0.520996,0.474609,-1.5,-1.6875,-6.125,65,41,122,N
37455,6,-4,1,1,4,-5,-29,-9,0.721191,-0.520996,0.474609,-1.5,-1.6875,-6.125,65,41,122,N
37456,6,-4,1,1,4,-5,-29,-9,0.721191,-0.520996,0.474609,-1.5,-1.6875,-6.125,65,41,122,N
37457,6,-4,1,1,4,-5,-29,-9,0.721191,-0.520996,0.474609,-1.5,-1.6875,-6.125,65,41,122,N
37458,6,-4,1,1,4,-5,-29,-9,0.721191,-0.520996,0.474609,-1.5,-1.6875,-6.125,65,41,122,N
37459,6,-4,1,1,4,-5,-29,-9,0.721191,-0.520996,0.474609,-1.5,-1.6875,-6.125,65,41,122,N
37460,6,-4,1,1,4,-5,-29,-9,0.721191,-0.520996,0.474609,-1.5,-1.6875,-6.125,65,41,122,N
37461,6,-4,1,1,4,-5,-29,-9,0.721191,-0.520996,0.474609,-1.5,-1.6875,-6.125,65,41,122,N
37462,6,-4,1,1,4,-5,-29,-9,0.721191,-0.520996,0.474609,-1.5,-1.6875,-6.125,65,41,122,N
37463,6,-4,1,1,4,-5,-29,-9,0.721191,-0.520996,0.474609,-1.5,-1.6875,-6.125,65,41,122,N
37464,6,-4,1,1,4,-5,-29,-9,0.721191,-0.520996,0.474609,-1.5,-1.6875,-6.125,65,41,122,N
37465,6,-4,1,1,4,-5,-29,-9,0.721191,-0.520996,0.474609,-1.5,-1.6875,-6.125,65,41,122,N
37466,6,-4,1,1,4,-5,-29,-9,0.721191,-0.520996,0.474609,-1.5,-1.6875,-6.125,65,41,122,N
37467,6,-4,1,1,4,-5,-29,-9,0.721191,-0.520996,0.474609,-1.5,-1.6875,-6.125,65,41,122,N
37468,6,-4,1,1,4,-5,-29,-9,0.721191,-0.520996,0.474609,-1.5,-1.6875,-6.125,65,41,122,N
37469,6,-4,1,1,4,-5,-29,-9,0.721191,-0.520996,0.474609,-1.5,-1.6875,-6.125,65,41,122,N
37470,6,-4,1,1,4,-5,-29,-9,0.721191,-0.520996,0.474609,-1.5,-1.6875,-6.125,65,41,122,N
37471,6,-4,1,1,4,-5,-29,-9,0.721191,-0.520996,0.474609,-1.5,-1.6875,-6.125,65,41,122,N
37472,6,-4,1,1,4,-5,-29,-9,0.721191,-0.520996,0.474609,-1.5,-1.6875,-6.125,65,41,122,N
37473,6,-4,1,1,4,-5,-29,-9,0.721191,-0.520996,0.474609,-1.5,-1.6875,-6.125,65,41,122,N
37474,6,-4,1,1,4,-5,-29,-9,0.721191,-0.520996,0.474609,-1.5,-1.6875,-6.125,65,41,122,N
37475,6,-4,1,1,4,-5,-29,-9,0.721191,-0.520996,0.474609,-1.5,-1.6875,-6.125,65,41,122,N
37476,6,-4,1,1,4,-5,-29,-9,0.721191,-0.520996,0.474609,-1.5,-1.6875,-6.125,65,41,122,N
37477,6,-4,1,1,4,-5,-29,-9,0.721191,-0.520996,0.474609,-1.5,-1.6875,-6.125,65,41,122,N
37478,6,-4,1,1,4,-5,-29,-9,0.721191,-0.520996,0.474609,-1.5,-1.6875,-6.125,65,41,122,N
37479,6,-4,1,1,4,-5,-29,-9,0.721191,-0.520996,0.474609,-1.5,-1.6875,-6.125,65,41,122,N
37480,6,-4,1,1,4,-5,-29,-9,0.721191,-0.520996,0.474609,-1.5,-1.6875,-6.125,65,41,122,N
37481,6,-4,1,1,4,-5,-29,-9,0.721191,-0.520996,0.474609,-1.5,-1.6875,-6.125,65,41,122,N
37482,6,-4,1,1,4,-5,-29,-9,0.721191,-0.520996,0.474609,-1.5,-1.6875,-6.125,65,41,122,N
37483,6,-4,1,1,4,-5,-29,-9,0.721191,-0.520996,0.474609,-1.5,-1.6875,-6.125,65,41,122,N
37484,6,-4,1,1,4,-5,-29,-9,0.721191,-0.520996,0.474609,-1.5,-1.6875,-6.125,65,41,122,N
51008,6,-1,8,19,3,31,4,-11,0.844238,-0.330078,0.368652,-15.0,5.1875,-1.25,67,31,16,N
51212,6,-1,8,19,3,31,4,-11,0.844238,-0.330078,0.368652,-15.0,5.1875,-1.25,67,31,16,N
41790,6,0,5,-6,-1,19,-15,2,0.747559,-0.504395,0.453125,-0.8125,-0.625,-1.25,65,41,143,E
42045,6,0,5,-6,-1,19,-15,2,0.747559,-0.504395,0.453125,-0.8125,-0.625,-1.25,65,41,143,E
41852,6,0,19,3,0,-6,16,-33,0.739258,-0.495117,0.443359,-0.25,-0.0625,-0.5625,65,42,143,E
42107,6,0,19,3,0,-6,16,-33,0.739258,-0.495117,0.443359,-0.25,-0.0625,-0.5625,65,42,143,E
48563,6,2,-12,-16,-2,-2,0,2,0.951172,-0.189453,0.175781,-3.125,-3.5,-3.6875,67,14,50,D
48614,6,2,-12,-16,-2,-2,0,2,0.951172,-0.189453,0.175781,-3.125,-3.5,-3.6875,67,14,50,D
7133,6,2,13,10,2,-17,0,22,0.472656,-0.631836,0.654785,0.0,-0.25,0.75,68,62,4,Q
58745,6,2,13,10,2,-17,0,22,0.472656,-0.631836,0.654785,0.0,-0.25,0.75,68,62,4,Q
53746,6,3,-3,-4,-5,-22,-3,2,0.949707,-0.255371,0.206055,0.6875,0.0,-1.3125,64,16,160,X
53848,6,3,-3,-4,-5,-22,-3,2,0.949707,-0.255371,0.206055,0.6875,0.0,-1.3125,64,16,160,X
34474,6,4,3,-14,-10,6,28,13,0.817871,-0.199219,0.517578,0.5,-2.125,0.5,79,32,90,B
34525,6,4,3,-14,-10,6,28,13,0.817871,-0.199219,0.517578,0.5,-2.125,0.5,79,32,90,B
7065,6,6,10,-26,-3,10,-9,-29,0.481934,-0.612305,0.664062,-0.1875,0.625,-0.3125,68,62,3,Q
58677,6,6,10,-26,-3,10,-9,-29,0.481934,-0.612305,0.664062,-0.1875,0.625,-0.3125,68,62,3,Q
34456,6,9,-32,-3,-7,20,30,18,0.816895,-0.195312,0.511719,-0.375,-0.125,0.6875,79,32,90,B
34507,6,9,-32,-3,-7,20,30,18,0.816895,-0.195312,0.511719,-0.375,-0.125,0.6875,79,32,90,B
40979,6,9,28,12,0,19,24,19,0.736816,-0.517578,0.469727,4.8125,-1.9375,0.0625,65,43,148,B
41234,6,9,28,12,0,19,24,19,0.736816,-0.517578,0.469727,4.8125,-1.9375,0.0625,65,43,148,B
51017,6,15,7,4,2,2,6,-2,0.824707,-0.42041,0.407227,-8.25,0.6875,-6.5625,66,33,15,N
51221,6,15,7,4,2,2,6,-2,0.824707,-0.42041,0.407227,-8.25,0.6875,-6.5625,66,33,15,N
30150,6,96,-22,-12,-15,-20,29,-18,0.820312,-0.37207,0.426758,-0.125,-20.8125,-9.875,69,35,98,L
30201,6,96,-22,-12,-15,-20,29,-18,0.820312,-0.37207,0.426758,-0.125,-20.8125,-9.875,69,35,98,L
7045,7,-26,-14,11,8,-1,0,-37,0.446777,-0.64209,0.663086,-1.6875,-6.75,3.875,68,62,2,Q
58657,7,-26,-14,11,8,-1,0,-37,0.446777,-0.64209,0.663086,-1.6875,-6.75,3.875,68,62,2,Q
41838,7,-9,-28,-19,7,45,52,41,0.725586,-0.524414,0.462891,-5.625,1.0625,-2.8125,65,42,143,E
42093,7,-9,-28,-19,7,45,52,41,0.725586,-0.524414,0.462891,-5.625,1.0625,-2.8125,65,42,143,E
7130,7,-8,-27,11,7,-11,0,-2,0.472656,-0.636719,0.646484,-0.25,0.1875,-1.625,68,62,4,Q
58742,7,-8,-27,11,7,-11,0,-2,0.472656,-0.636719,0.646484,-0.25,0.1875,-1.625,68,62,4,Q
7023,7,-6,-29,2,0,-3,14,20,0.466797,-0.624512,0.663574,-1.125,1.0,-0.875,68,62,3,Q
58635,7,-6,-29,2,0,-3,14,20,0.466797,-0.624512,0.663574,-1.125,1.0,-0.875,68,62,3,Q
53713,7,-1,9,12,7,15,2,0,0.928711,-0.285156,0.207031,2.4375,-3.5,0.0,62,16,160,X
53815,7,-1,9,12,7,15,2,0,0.928711,-0.285156,0.207031,2.4375,-3.5,0.0,62,16,160,X
41867,7,1,-8,15,5,-24,-62,22,0.737793,-0.51416,0.460938,1.4375,0.0625,-0.0625,66,42,143,E
42122,7,1,-8,15,5,-24,-62,22,0.737793,-0.51416,0.460938,1.4375,0.0625,-0.0625,66,42,143,E
53720,7,1,15,5,-10,-6,7,17,0.936523,-0.245605,0.188477,-10.625,-2.3125,-6.5625,62,16,161,X
53822,7,1,15,5,-10,-6,7,17,0.936523,-0.245605,0.188477,-10.625,-2.3125,-6.5625,62,16,161,X
4763,7,2,-13,-17,-3,6,-13,4,0.817871,-0.383301,0.388672,9.8125,-5.625,-9.375,68,34,32,S
4865,7,2,-13,-17,-3,6,-13,4,0.817871,-0.383301,0.388672,9.8125,-5.625,-9.375,68,34,32,S
50681,7,2,0,3,-2,-7,-11,-10,0.859863,-0.418457,0.339844,4.125,-0.875,1.625,63,31,176,L
50732,7,2,0,3,-2,-7,-11,-10,0.859863,-0.418457,0.339844,4.125,-0.875,1.625,63,31,176,L
34438,7,2,7,1,-10,-11,-18,-13,0.830078,-0.213379,0.496094,0.8125,-0.6875,0.0625,78,32,90,B
34489,7,2,7,1,-10,-11,-18,-13,0.830078,-0.213379,0.496094,0.8125,-0.6875,0.0625,78,32,90,B
41846,7,2,10,13,-7,16,29,6,0.745117,-0.500488,0.442871,-0.0625,-0.5,0.375,65,42,143,E
42101,7,2,10,13,-7,16,29,6,0.745117,-0.500488,0.442871,-0.0625,-0.5,0.375,65,42,143,E
7105,7,3,-11,-5,-2,24,0,-17,0.46582,-0.635254,0.652832,-0.4375,1.1875,-1.625,68,62,4,Q
58717,7,3,-11,-5,-2,24,0,-17,0.46582,-0.635254,0.652832,-0.4375,1.1875,-1.625,68,62,4,Q
50668,7,4,10,3,-1,0,-1,-12,0.838867,-0.435547,0.333984,2.8125,0.0625,-0.6875,63,31,176,L
50719,7,4,10,3,-1,0,-1,-12,0.838867,-0.435547,0.333984,2.8125,0.0625,-0.6875,63,31,176,L
41803,7,5,-15,-13,-2,0,-22,-21,0.740234,-0.503418,0.449219,0.3125,0.125,0.375,65,41,143,E
42058,7,5,-15,-13,-2,0,-22,-21,0.740234,-0.503418,0.449219,0.3125,0.125,0.375,65,41,143,E
40972,7,7,41,17,2,-12,-23,-11,0.724609,-0.508301,0.462891,4.5,-2.25,-2.875,65,43,148,B
41227,7,7,41,17,2,-12,-23,-11,0.724609,-0.508301,0.462891,4.5,-2.25,-2.875,65,43,148,B
30144,7,8,-12,-5,-4,14,-6,21,0.767578,-0.34082,0.552246,5.5,2.6875,2.5625,71,40,95,L
30195,7,8,-12,-5,-4,14,-6,21,0.767578,-0.34082,0.552246,5.5,2.6875,2.5625,71,40,95,L
40996,7,8,20,16,8,-16,-25,-9,0.735352,-0.512695,0.463379,-2.5625,0.0,-0.125,65,43,148,B
41251,7,8,20,16,8,-16,-25,-9,0.735352,-0.512695,0.463379,-2.5625,0.0,-0.125,65,43,148,B
50656,7,12,5,-10,-25,-27,-2,40,0.870117,-0.411621,0.333496,-2.25,-5.75,-13.375,63,31,176,L
50707,7,12,5,-10,-25,-27,-2,40,0.870117,-0.411621,0.333496,-2.25,-5.75,-13.375,63,31,176,L
7005,7,13,-6,-16,5,3,-8,5,0.480957,-0.619629,0.648438,0.3125,1.75,-1.0625,67,62,3,Q
58617,7,13,-6,-16,5,3,-8,5,0.480957,-0.619629,0.648438,0.3125,1.75,-1.0625,67,62,3,Q
7158,7,19,26,25,7,8,9,19,0.47998,-0.620605,0.656738,0.125,0.4375,1.625,68,62,4,Q
58770,7,19,26,25,7,8,9,19,0.47998,-0.620605,0.656738,0.125,0.4375,1.625,68,62,4,Q
50423,7,26,59,7,-4,-8,-8,3,0.844238,-0.292969,0.396484,1.5625,-0.375,-1.25,70,28,164,K
50474,7,26,59,7,-4,-8,-8,3,0.844238,-0.292969,0.396484,1.5625,-0.375,-1.25,70,28,164,K
7000,7,29,-5,10,-7,-14,-16,-18,0.48584,-0.617188,0.626953,0.0,-0.6875,3.4375,67,61,3,Q
58612,7,29,-5,10,-7,-14,-16,-18,0.48584,-0.617188,0.626953,0.0,-0.6875,3.4375,67,61,3,Q
6986,8,-28,-16,-3,-5,11,-7,-9,0.487305,-0.609863,0.657715,-0.1875,-0.125,1.0625,68,61,3,Q
58598,8,-28,-16,-3,-5,11,-7,-9,0.487305,-0.609863,0.657715,-0.1875,-0.125,1.0625,68,61,3,Q
40985,8,-15,-41,-18,-5,-1,8,1,0.734375,-0.51416,0.45752,0.3125,0.125,0.9375,65,43,148,B
41240,8,-15,-41,-18,-5,-1,8,1,0.734375,-0.51416,0.45752,0.3125,0.125,0.9375,65,43,148,B
6960,8,-14,4,-9,5,20,4,11,0.491699,-0.618164,0.648926,-0.0625,0.375,-1.5625,68,61,3,Q
58572,8,-14,4,-9,5,20,4,11,0.491699,-0.618164,0.648926,-0.0625,0.375,-1.5625,68,61,3,Q
30188,8,-11,6,2,4,14,61,-8,0.821777,-0.377441,0.428223,1.375,0.0625,0.6875,69,34,99,L
30239,8,-11,6,2,4,14,61,-8,0.821777,-0.377441,0.428223,1.375,0.0625,0.6875,69,34,99,L
7033,8,-8,10,-33,-8,-8,-11,-12,0.495117,-0.619629,0.643555,-3.5625,-0.25,0.0,67,62,3,Q
58645,8,-8,10,-33,-8,-8,-11,-12,0.495117,-0.619629,0.643555,-3.5625,-0.25,0.0,67,62,3,Q
30176,8,-7,-10,-5,8,14,-55,-9,0.815918,-0.368652,0.421875,0.3125,-0.25,-0.8125,69,34,99,L
30227,8,-7,-10,-5,8,14,-55,-9,0.815918,-0.368652,0.421875,0.3125,-0.25,-0.8125,69,34,99,L
50665,8,-6,-12,0,-6,2,-5,36,0.849121,-0.424316,0.283691,-4.8125,0.25,3.125,63,30,176,L
50716,8,-6,-12,0,-6,2,-5,36,0.849121,-0.424316,0.283691,-4.8125,0.25,3.125,63,30,176,L
41828,8,-5,-6,3,-13,-4,11,1,0.675781,-0.49707,0.414551,10.25,-10.9375,-18.875,65,46,143,E
42083,8,-5,-6,3,-13,-4,11,1,0.675781,-0.49707,0.414551,10.25,-10.9375,-18.875,65,46,143,E
51021,8,-2,15,-11,-17,-7,8,3,0.818359,-0.412109,0.395508,-8.75,-3.25,5.0625,65,33,15,N
51225,8,-2,15,-11,-17,-7,8,3,0.818359,-0.412109,0.395508,-8.75,-3.25,5.0625,65,33,15,N
7032,8,0,6,0,9,18,-8,-21,0.477539,-0.608398,0.658691,-5.0,1.4375,-1.75,68,62,3,Q
58644,8,0,6,0,9,18,-8,-21,0.477539,-0.608398,0.658691,-5.0,1.4375,-1.75,68,62,3,Q
53715,8,1,6,-4,-2,3,4,19,0.937988,-0.270508,0.188477,-8.25,-2.1875,-3.125,62,16,161,X
53817,8,1,6,-4,-2,3,4,19,0.937988,-0.270508,0.188477,-8.25,-2.1875,-3.125,62,16,161,X
41788,8,2,9,17,4,16,29,5,0.741211,-0.499023,0.446777,1.8125,0.4375,2.1875,65,41,143,E
42043,8,2,9,17,4,16,29,5,0.741211,-0.499023,0.446777,1.8125,0.4375,2.1875,65,41,143,E
40967,8,3,-44,-12,0,-8,-1,0,0.715332,-0.541016,0.45459,9.625,-5.5,-9.125,65,46,148,B
41222,8,3,-44,-12,0,-8,-1,0,0.715332,-0.541016,0.45459,9.625,-5.5,-9.125,65,46,148,B
41854,8,3,-33,-3,-14,-14,-4,24,0.740723,-0.518555,0.455078,0.875,-0.125,0.4375,65,42,143,E
42109,8,3,-33,-3,-14,-14,-4,24,0.740723,-0.518555,0.455078,0.875,-0.125,0.4375,65,42,143,E
53766,8,5,12,-2,2,19,3,-7,0.960449,-0.222168,0.191406,7.3125,-1.75,2.125,63,15,161,X
53868,8,5,12,-2,2,19,3,-7,0.960449,-0.222168,0.191406,7.3125,-1.75,2.125,63,15,161,X
50657,8,6,10,9,5,4,22,14,0.864258,-0.358887,0.296875,-3.875,-1.25,0.5625,63,31,176,L
50708,8,6,10,9,5,4,22,14,0.864258,-0.358887,0.296875,-3.875,-1.25,0.5625,63,31,176,L
4779,8,7,7,18,7,2,-1,1,0.833496,-0.393555,0.384277,0.125,-0.8125,-0.9375,67,33,33,S
4881,8,7,7,18,7,2,-1,1,0.833496,-0.393555,0.384277,0.125,-0.8125,-0.9375,67,33,33,S
50426,8,9,18,1,5,3,-2,-3,0.85498,-0.309082,0.383301,-1.875,-2.375,1.3125,70,28,164,K
50477,8,9,18,1,5,3,-2,-3,0.85498,-0.309082,0.383301,-1.875,-2.375,1.3125,70,28,164,K
40968,8,13,33,20,7,7,-10,8,0.694336,-0.571777,0.488281,-5.875,-4.0,-12.75,65,45,148,B
41223,8,13,33,20,7,7,-10,8,0.694336,-0.571777,0.488281,-5.875,-4.0,-12.75,65,45,148,B
30181,8,14,4,9,7,-7,47,42,0.817871,-0.375,0.424805,-0.875,-0.25,-0.0625,69,34,99,L
30232,8,14,4,9,7,-7,47,42,0.817871,-0.375,0.424805,-0.875,-0.25,-0.0625,69,34,99,L
6989,8,15,-2,-2,-2,7,-5,-7,0.445801,-0.629883,0.684082,-2.0625,0.25,-2.6875,68,63,2,Q
58601,8,15,-2,-2,-2,7,-5,-7,0.445801,-0.629883,0.684082,-2.0625,0.25,-2.6875,68,63,2,Q
50435,9,-5,-46,4,2,10,1,-1,0.864258,-0.289551,0.380371,-0.375,-2.125,-0.125,70,28,164,K
50486,9,-5,-46,4,2,10,1,-1,0.864258,-0.289551,0.380371,-0.375,-2.125,-0.125,70,28,164,K
4747,9,-5,-24,-23,-27,-75,-39,-18,0.827637,-0.481934,0.306152,-43.5625,68.375,-41.0625,67,33,33,S
4849,9,-5,-24,-23,-27,-75,-39,-18,0.827637,-0.481934,0.306152,-43.5625,68.375,-41.0625,67,33,33,S
41842,9,-2,1,9,6,-12,7,-6,0.734863,-0.526855,0.461426,-2.6875,-0.8125,-0.3125,65,42,143,E
42097,9,-2,1,9,6,-12,7,-6,0.734863,-0.526855,0.461426,-2.6875,-0.8125,-0.3125,65,42,143,E
40969,9,-1,20,28,-1,6,58,11,0.724609,-0.533691,0.467773,1.0625,-5.25,-12.1875,65,45,148,B
41224,9,-1,20,28,-1,6,58,11,0.724609,-0.533691,0.467773,1.0625,-5.25,-12.1875,65,45,148,B
30158,9,0,-10,-9,-11,-21,-24,-27,0.825195,-0.374512,0.427734,0.875,0.3125,-0.5,69,34,99,L
30209,9,0,-10,-9,-11,-21,-24,-27,0.825195,-0.374512,0.427734,0.875,0.3125,-0.5,69,34,99,L
41824,9,2,0,1,9,-5,-15,-3,0.660156,-0.544434,0.502441,6.75,-1.0,-1.375,66,47,143,E
42079,9,2,0,1,9,-5,-15,-3,0.660156,-0.544434,0.502441,6.75,-1.0,-1.375,66,47,143,E
41769,9,5,6,9,11,21,16,7,0.685059,-0.559082,0.479492,4.75,2.625,0.625,65,46,144,E
42024,9,5,6,9,11,21,16,7,0.685059,-0.559082,0.479492,4.75,2.625,0.625,65,46,144,E
6966,9,6,1,-1,0,-10,-16,35,0.491699,-0.619141,0.65332,-0.5,0.9375,-1.75,68,61,3,Q
58578,9,6,1,-1,0,-10,-16,35,0.491699,-0.619141,0.65332,-0.5,0.9375,-1.75,68,61,3,Q
35973,9,7,5,4,-3,-26,-45,-5,0.735352,-0.266113,0.614746,0.5,-1.375,0.5625,77,41,115,H
36024,9,7,5,4,-3,-26,-45,-5,0.735352,-0.266113,0.614746,0.5,-1.375,0.5625,77,41,115,H
41771,9,8,12,16,9,34,20,3,0.728027,-0.530273,0.531738,-1.25,3.0625,-4.5,65,46,143,E
42026,9,8,12,16,9,34,20,3,0.728027,-0.530273,0.531738,-1.25,3.0625,-4.5,65,46,143,E
50411,9,9,9,0,-1,-1,-5,5,0.874512,-0.310547,0.379395,-1.125,-0.75,-0.4375,70,28,164,K
50462,9,9,9,0,-1,-1,-5,5,0.874512,-0.310547,0.379395,-1.125,-0.75,-0.4375,70,28,164,K
34468,9,14,28,-1,-9,-12,1,1,0.814941,-0.203613,0.51709,0.75,-2.25,0.3125,79,32,90,B
34519,9,14,28,-1,-9,-12,1,1,0.814941,-0.203613,0.51709,0.75,-2.25,0.3125,79,32,90,B
51004,9,15,8,41,85,100,20,13,0.878418,-0.288574,0.399902,-14.75,6.9375,0.0,68,32,14,N
51208,9,15,8,41,85,100,20,13,0.878418,-0.288574,0.399902,-14.75,6.9375,0.0,68,32,14,N
30165,10,-51,17,4,-1,-5,6,14,0.820312,-0.361328,0.418945,0.375,0.6875,1.375,69,34,99,L
30216,10,-51,17,4,-1,-5,6,14,0.820312,-0.361328,0.418945,0.375,0.6875,1.375,69,34,99,L
7138,10,-45,6,-40,-12,-18,-11,20,0.469727,-0.626953,0.658203,0.0625,1.0625,-1.375,68,62,4,Q
58750,10,-45,6,-40,-12,-18,-11,20,0.469727,-0.626953,0.658203,0.0625,1.0625,-1.375,68,62,4,Q
34445,10,-19,-59,-11,-8,-46,-34,-26,0.823242,-0.195801,0.516113,-0.4375,-1.9375,-2.1875,79,32,90,B
34496,10,-19,-59,-11,-8,-46,-34,-26,0.823242,-0.195801,0.516113,-0.4375,-1.9375,-2.1875,79,32,90,B
4754,10,-2,-33,-23,-2,4,6,6,0.788574,-0.472656,0.411621,3.5,-23.9375,12.625,67,38,30,S
4856,10,-2,-33,-23,-2,4,6,6,0.788574,-0.472656,0.411621,3.5,-23.9375,12.625,67,38,30,S
50427,10,-2,1,1,-3,-2,-6,0,0.875488,-0.314453,0.380371,1.6875,-1.4375,0.5625,70,28,164,K
50478,10,-2,1,1,-3,-2,-6,0,0.875488,-0.314453,0.380371,1.6875,-1.4375,0.5625,70,28,164,K
50424,10,-1,-6,-7,-2,-5,0,2,0.876953,-0.303223,0.369629,1.4375,-1.3125,0.25,70,28,164,K
50475,10,-1,-6,-7,-2,-5,0,2,0.876953,-0.303223,0.369629,1.4375,-1.3125,0.25,70,28,164,K
7110,10,1,-19,-4,1,17,2,-1,0.480469,-0.62793,0.649414,0.125,-1.5625,1.5,68,62,4,Q
58722,10,1,-19,-4,1,17,2,-1,0.480469,-0.62793,0.649414,0.125,-1.5625,1.5,68,62,4,Q
41825,10,3,2,8,24,-9,-1,-5,0.710449,-0.523926,0.45752,0.75,-1.5625,0.5625,66,47,143,E
42080,10,3,2,8,24,-9,-1,-5,0.710449,-0.523926,0.45752,0.75,-1.5625,0.5625,66,47,143,E
50677,10,3,15,0,4,-1,21,2,0.84082,-0.418945,0.344727,3.3125,-1.9375,-0.4375,63,31,176,L
50728,10,3,15,0,4,-1,21,2,0.84082,-0.418945,0.344727,3.3125,-1.9375,-0.4375,63,31,176,L
34472,10,3,21,7,7,47,95,16,0.818359,-0.200684,0.520508,0.75,-2.0,-0.4375,79,32,90,B
34523,10,3,21,7,7,47,95,16,0.818359,-0.200684,0.520508,0.75,-2.0,-0.4375,79,32,90,B
50428,10,11,5,6,4,4,1,1,0.861816,-0.307129,0.393066,-2.1875,-0.125,-1.125,70,28,164,K
50479,10,11,5,6,4,4,1,1,0.861816,-0.307129,0.393066,-2.1875,-0.125,-1.125,70,28,164,K
34470,10,18,56,15,4,-26,-32,10,0.822266,-0.194824,0.519531,-0.625,-1.3125,0.4375,79,32,90,B
34521,10,18,56,15,4,-26,-32,10,0.822266,-0.194824,0.519531,-0.625,-1.3125,0.4375,79,32,90,B
7094,11,-22,-22,-9,-1,7,3,-60,0.497559,-0.577637,0.664551,2.5,-6.1875,10.4375,68,63,3,Q
58706,11,-22,-22,-9,-1,7,3,-60,0.497559,-0.577637,0.664551,2.5,-6.1875,10.4375,68,63,3,Q
34440,11,-8,40,13,12,66,20,-8,0.833496,-0.216309,0.501953,-1.1875,3.6875,0.75,79,32,90,B
34491,11,-8,40,13,12,66,20,-8,0.833496,-0.216309,0.501953,-1.1875,3.6875,0.75,79,32,90,B
4778,11,0,-4,-5,-3,-3,4,6,0.82959,-0.395996,0.393555,0.4375,-2.125,-1.75,67,33,33,S
4880,11,0,-4,-5,-3,-3,4,6,0.82959,-0.395996,0.393555,0.4375,-2.125,-1.75,67,33,33,S
35982,11,3,0,-4,-3,-13,-35,9,0.719238,-0.291504,0.616699,-1.8125,-2.5625,1.25,77,41,116,H
36033,11,3,0,-4,-3,-13,-35,9,0.719238,-0.291504,0.616699,-1.8125,-2.5625,1.25,77,41,116,H
7149,11,10,11,16,8,6,6,-20,0.49707,-0.554199,0.677246,-6.25,-2.25,2.8125,69,62,3,Q
58761,11,10,11,16,8,6,6,-20,0.49707,-0.554199,0.677246,-6.25,-2.25,2.8125,69,62,3,Q
40999,11,12,1,19,14,26,8,20,0.724121,-0.524902,0.46875,-2.375,-0.375,0.0625,65,43,148,B
41254,11,12,1,19,14,26,8,20,0.724121,-0.524902,0.46875,-2.375,-0.375,0.0625,65,43,148,B
7095,11,127,48,-5,-6,-3,2,15,0.487793,-0.639648,0.646973,-0.4375,-4.375,-0.1875,68,62,4,Q
58707,11,127,48,-5,-6,-3,2,15,0.487793,-0.639648,0.646973,-0.4375,-4.375,-0.1875,68,62,4,Q
6940,12,-2,-4,-4,-2,-7,5,9,0.458008,-0.608887,0.681641,0.125,0.25,1.125,68,63,1,Q
58552,12,-2,-4,-4,-2,-7,5,9,0.458008,-0.608887,0.681641,0.125,0.25,1.125,68,63,1,Q
35996,12,7,10,15,23,45,88,19,0.723145,-0.286621,0.623535,0.125,-2.0625,0.25,77,41,116,H
36047,12,7,10,15,23,45,88,19,0.723145,-0.286621,0.623535,0.125,-2.0625,0.25,77,41,116,H
40975,12,7,16,-2,-3,-3,15,9,0.724121,-0.53125,0.471191,-2.5625,-0.875,-1.8125,65,43,148,B
41230,12,7,16,-2,-3,-3,15,9,0.724121,-0.53125,0.471191,-2.5625,-0.875,-1.8125,65,43,148,B
7012,12,13,10,2,1,-11,-15,-11,0.472656,-0.614746,0.64502,0.125,0.875,-0.9375,68,62,3,Q
58624,12,13,10,2,1,-11,-15,-11,0.472656,-0.614746,0.64502,0.125,0.875,-0.9375,68,62,3,Q
35966,12,17,-6,-6,-15,-35,-55,-18,0.745117,-0.307129,0.589355,0.25,1.875,2.0625,77,40,116,H
36017,12,17,-6,-6,-15,-35,-55,-18,0.745117,-0.307129,0.589355,0.25,1.875,2.0625,77,40,116,H
34448,12,19,-19,-5,7,74,14,15,0.828125,-0.209473,0.524902,-1.0625,-0.5,1.0,79,32,90,B
34499,12,19,-19,-5,7,74,14,15,0.828125,-0.209473,0.524902,-1.0625,-0.5,1.0,79,32,90,B
7172,12,32,9,-9,2,2,0,-2,0.477539,-0.629883,0.652832,-0.1875,-3.0625,1.8125,68,62,4,Q
58784,12,32,9,-9,2,2,0,-2,0.477539,-0.629883,0.652832,-0.1875,-3.0625,1.8125,68,62,4,Q
7181,12,42,5,-3,1,-9,3,12,0.470215,-0.623535,0.662109,-0.5625,1.6875,0.125,68,62,4,Q
58793,12,42,5,-3,1,-9,3,12,0.470215,-0.623535,0.662109,-0.5625,1.6875,0.125,68,62,4,Q
30161,13,-6,7,1,4,2,17,30,0.824219,-0.368652,0.437012,1.3125,0.5,-1.125,69,34,99,L
30212,13,-6,7,1,4,2,17,30,0.824219,-0.368652,0.437012,1.3125,0.5,-1.125,69,34,99,L
50652,13,8,1,2,-7,-12,36,36,0.859863,-0.344727,0.388184,-3.5,11.5,6.8125,63,32,177,L
50703,13,8,1,2,-7,-12,36,36,0.859863,-0.344727,0.388184,-3.5,11.5,6.8125,63,32,177,L
50670,13,9,16,4,0,-2,-7,54,0.838867,-0.455566,0.342773,-1.0625,-1.0,-1.9375,63,31,176,L
50721,13,9,16,4,0,-2,-7,54,0.838867,-0.455566,0.342773,-1.0625,-1.0,-1.9375,63,31,176,L
7085,13,29,-41,-18,0,-8,15,1,0.479004,-0.61377,0.658691,-0.0625,-0.125,0.0,68,62,3,Q
58697,13,29,-41,-18,0,-8,15,1,0.479004,-0.61377,0.658691,-0.0625,-0.125,0.0,68,62,3,Q
7151,14,-105,-21,19,8,5,8,22,0.494629,-0.59668,0.665039,1.9375,-7.125,6.25,68,62,3,Q
58763,14,-105,-21,19,8,5,8,22,0.494629,-0.59668,0.665039,1.9375,-7.125,6.25,68,62,3,Q
30173,14,-15,5,-3,-2,-6,-59,19,0.82373,-0.370605,0.437012,-0.6875,0.3125,0.375,69,34,99,L
30224,14,-15,5,-3,-2,-6,-59,19,0.82373,-0.370605,0.437012,-0.6875,0.3125,0.375,69,34,99,L
36004,14,-7,8,7,14,24,42,10,0.71582,-0.286133,0.616699,0.8125,-1.9375,0.0,77,41,116,H
36055,14,-7,8,7,14,24,42,10,0.71582,-0.286133,0.616699,0.8125,-1.9375,0.0,77,41,116,H
41863,14,-5,-16,-29,-7,4,-2,6,0.73877,-0.501465,0.452637,-0.375,0.0625,0.625,66,42,143,E
42118,14,-5,-16,-29,-7,4,-2,6,0.73877,-0.501465,0.452637,-0.375,0.0625,0.625,66,42,143,E
4756,14,-2,-38,-5,0,6,15,-4,0.789062,-0.492676,0.433105,7.5,-20.6875,-3.125,66,37,32,S
4858,14,-2,-38,-5,0,6,15,-4,0.789062,-0.492676,0.433105,7.5,-20.6875,-3.125,66,37,32,S
51007,14,-2,-18,-9,3,8,14,27,0.827637,-0.34082,0.341309,1.6875,-15.875,-9.625,67,31,16,N
51211,14,-2,-18,-9,3,8,14,27,0.827637,-0.34082,0.341309,1.6875,-15.875,-9.625,67,31,16,N
41870,14,0,-17,-1,-5,-4,-5,29,0.743164,-0.500488,0.45166,1.4375,-0.125,0.75,66,42,143,E
42125,14,0,-17,-1,-5,-4,-5,29,0.743164,-0.500488,0.45166,1.4375,-0.125,0.75,66,42,143,E
35987,14,0,14,18,22,61,67,9,0.722656,-0.289551,0.615234,1.0,-0.8125,-0.3125,77,41,116,H
36038,14,0,14,18,22,61,67,9,0.722656,-0.289551,0.615234,1.0,-0.8125,-0.3125,77,41,116,H
4752,14,6,-3,-3,15,15,24,-5,0.739258,-0.464355,0.503418,-7.25,-15.4375,30.25,69,38,28,S
4854,14,6,-3,-3,15,15,24,-5,0.739258,-0.464355,0.503418,-7.25,-15.4375,30.25,69,38,28,S
34462,14,7,4,9,1,-7,-25,-11,0.816406,-0.196777,0.522949,0.4375,-1.8125,-0.25,79,32,90,B
34513,14,7,4,9,1,-7,-25,-11,0.816406,-0.196777,0.522949,0.4375,-1.8125,-0.25,79,32,90,B
6946,14,20,-6,0,2,1,-2,-14,0.463379,-0.601562,0.664062,-4.5625,-2.9375,2.0,69,62,0,Q
58558,14,20,-6,0,2,1,-2,-14,0.463379,-0.601562,0.664062,-4.5625,-2.9375,2.0,69,62,0,Q
7128,14,37,9,-10,-7,-24,-1,10,0.461426,-0.633789,0.649414,-0.0625,-0.75,0.875,68,62,4,Q
58740,14,37,9,-10,-7,-24,-1,10,0.461426,-0.633789,0.649414,-0.0625,-0.75,0.875,68,62,4,Q
6967,15,-20,-4,2,-10,-5,-5,19,0.496094,-0.61084,0.660156,0.9375,0.25,-0.375,68,61,3,Q
58579,15,-20,-4,2,-10,-5,-5,19,0.496094,-0.61084,0.660156,0.9375,0.25,-0.375,68,61,3,Q
30155,15,-10,-79,-20,-10,-3,-74,28,0.807617,-0.365723,0.42627,-0.4375,3.625,1.8125,69,34,99,L
30206,15,-10,-79,-20,-10,-3,-74,28,0.807617,-0.365723,0.42627,-0.4375,3.625,1.8125,69,34,99,L
7092,15,-7,1,-3,-3,11,6,5,0.441406,-0.652344,0.700684,4.0625,-10.25,-6.1875,68,64,3,Q
58704,15,-7,1,-3,-3,11,6,5,0.441406,-0.652344,0.700684,4.0625,-10.25,-6.1875,68,64,3,Q
4751,15,-5,-26,6,4,-19,-2,-7,0.851074,-0.393555,0.609375,-4.9375,7.875,26.8125,70,37,26,S
4853,15,-5,-26,6,4,-19,-2,-7,0.851074,-0.393555,0.609375,-4.9375,7.875,26.8125,70,37,26,S
41795,15,-5,11,-11,5,34,23,-8,0.75,-0.499512,0.449707,-0.125,0.4375,0.4375,65,41,143,E
42050,15,-5,11,-11,5,34,23,-8,0.75,-0.499512,0.449707,-0.125,0.4375,0.4375,65,41,143,E
41793,15,-3,-4,-19,-4,-3,-18,-8,0.749512,-0.50293,0.449707,-0.25,0.8125,0.5625,65,41,143,E
42048,15,-3,-4,-19,-4,-3,-18,-8,0.749512,-0.50293,0.449707,-0.25,0.8125,0.5625,65,41,143,E
35995,15,2,6,5,6,-1,-8,7,0.72998,-0.29248,0.611328,-0.5625,-1.6875,0.1875,77,41,116,H
36046,15,2,6,5,6,-1,-8,7,0.72998,-0.29248,0.611328,-0.5625,-1.6875,0.1875,77,41,116,H
41830,15,4,6,37,1,-9,10,2,0.72998,-0.488281,0.423828,6.625,-9.25,-3.5625,65,44,143,E
42085,15,4,6,37,1,-9,10,2,0.72998,-0.488281,0.423828,6.625,-9.25,-3.5625,65,44,143,E
7010,15,4,15,-11,-3,-12,6,0,0.483887,-0.62207,0.657227,0.625,-1.5625,-1.125,68,62,3,Q
58622,15,4,15,-11,-3,-12,6,0,0.483887,-0.62207,0.657227,0.625,-1.5625,-1.125,68,62,3,Q
30190,15,8,-3,3,0,-9,-21,-11,0.820801,-0.388184,0.427734,-0.9375,0.25,-0.1875,69,34,99,L
30241,15,8,-3,3,0,-9,-21,-11,0.820801,-0.388184,0.427734,-0.9375,0.25,-0.1875,69,34,99,L
7068,15,29,20,-2,11,45,11,12,0.481445,-0.614258,0.664551,-0.3125,-0.375,2.125,68,62,3,Q
58680,15,29,20,-2,11,45,11,12,0.481445,-0.614258,0.664551,-0.3125,-0.375,2.125,68,62,3,Q
7161,15,62,47,3,3,-10,0,22,0.48291,-0.616699,0.65625,-0.25,0.3125,0.75,68,62,4,Q
58773,15,62,47,3,3,-10,0,22,0.48291,-0.616699,0.65625,-0.25,0.3125,0.75,68,62,4,Q
6981,16,-11,-17,-5,-6,-10,-14,-13,0.48877,-0.614746,0.64209,-0.3125,0.1875,0.0625,68,61,3,Q
58593,16,-11,-17,-5,-6,-10,-14,-13,0.48877,-0.614746,0.64209,-0.3125,0.1875,0.0625,68,61,3,Q
7113,16,-10,15,3,1,-2,-3,0,0.473633,-0.629395,0.657715,-0.3125,1.0,-0.625,68,62,4,Q
58725,16,-10,15,3,1,-2,-3,0,0.473633,-0.629395,0.657715,-0.3125,1.0,-0.625,68,62,4,Q
7169,16,-8,-16,-6,-2,1,1,13,0.48291,-0.619629,0.662598,-0.4375,0.4375,1.125,68,62,4,Q
58781,16,-8,-16,-6,-2,1,1,13,0.48291,-0.619629,0.662598,-0.4375,0.4375,1.125,68,62,4,Q
34447,16,1,-56,-5,3,0,8,-7,0.820312,-0.17627,0.510742,0.5,1.4375,2.0625,79,32,90,B
34498,16,1,-56,-5,3,0,8,-7,0.820312,-0.17627,0.510742,0.5,1.4375,2.0625,79,32,90,B
36003,16,1,6,1,-1,27,45,8,0.726074,-0.289062,0.618652,0.1875,-1.5,-1.1875,77,41,116,H
36054,16,1,6,1,-1,27,45,8,0.726074,-0.289062,0.618652,0.1875,-1.5,-1.1875,77,41,116,H
50412,16,10,11,0,-1,0,0,1,0.86377,-0.289551,0.39502,2.4375,-0.8125,0.6875,70,28,164,K
50463,16,10,11,0,-1,0,0,1,0.86377,-0.289551,0.39502,2.4375,-0.8125,0.6875,70,28,164,K
30179,16,25,-10,-3,-3,10,25,-12,0.814941,-0.359863,0.431641,-0.3125,0.6875,0.9375,69,34,99,L
30230,16,25,-10,-3,-3,10,25,-12,0.814941,-0.359863,0.431641,-0.3125,0.6875,0.9375,69,34,99,L
40983,16,31,127,90,-4,-19,-9,0,0.729492,-0.49707,0.460449,0.625,0.375,-0.0625,65,43,148,B
41238,16,31,127,90,-4,-19,-9,0,0.729492,-0.49707,0.460449,0.625,0.375,-0.0625,65,43,148,B
50400,16,58,71,14,12,20,7,10,0.813965,-0.357422,0.349609,26.375,1.9375,0.0625,69,27,163,K
50451,16,58,71,14,12,20,7,10,0.813965,-0.357422,0.349609,26.375,1.9375,0.0625,69,27,163,K
7154,16,60,6,1,1,7,-2,16,0.47998,-0.623047,0.655762,0.5625,-2.25,1.125,68,62,4,Q
58766,16,60,6,1,1,7,-2,16,0.47998,-0.623047,0.655762,0.5625,-2.25,1.125,68,62,4,Q
35961,17,-1,-2,-3,-2,8,27,10,0.713379,-0.258301,0.651367,8.4375,-29.9375,8.5,78,43,113,H
36012,17,-1,-2,-3,-2,8,27,10,0.713379,-0.258301,0.651367,8.4375,-29.9375,8.5,78,43,113,H
35990,17,6,12,14,19,61,98,26,0.719727,-0.282227,0.619141,1.125,-2.0,0.4375,77,41,116,H
36041,17,6,12,14,19,61,98,26,0.719727,-0.282227,0.619141,1.125,-2.0,0.4375,77,41,116,H
41818,17,8,4,15,9,16,41,-10,0.750977,-0.499023,0.450195,0.0625,0.375,-0.9375,65,41,143,E
42073,17,8,4,15,9,16,41,-10,0.750977,-0.499023,0.450195,0.0625,0.375,-0.9375,65,41,143,E
4745,17,9,-5,-3,-24,-5,-15,-14,0.92627,-0.424805,0.349609,-12.3125,12.75,-3.8125,66,31,37,S
4847,17,9,-5,-3,-24,-5,-15,-14,0.92627,-0.424805,0.349609,-12.3125,12.75,-3.8125,66,31,37,S
41814,17,9,34,-6,-4,-22,-10,-1,0.743652,-0.504883,0.45166,0.375,0.0625,0.3125,65,41,143,E
42069,17,9,34,-6,-4,-22,-10,-1,0.743652,-0.504883,0.45166,0.375,0.0625,0.3125,65,41,143,E
30171,17,11,9,11,9,16,41,43,0.822754,-0.377441,0.429688,1.1875,0.4375,0.5,69,34,99,L
30222,17,11,9,11,9,16,41,43,0.822754,-0.377441,0.429688,1.1875,0.4375,0.5,69,34,99,L
7189,17,35,-2,-18,-1,5,1,-3,0.501953,-0.608398,0.642578,3.8125,-0.8125,-6.0625,68,61,4,Q
58801,17,35,-2,-18,-1,5,1,-3,0.501953,-0.608398,0.642578,3.8125,-0.8125,-6.0625,68,61,4,Q
34452,18,-25,-37,-3,-2,2,66,2,0.821777,-0.193359,0.507324,-0.9375,0.125,0.4375,79,32,90,B
34503,18,-25,-37,-3,-2,2,66,2,0.821777,-0.193359,0.507324,-0.9375,0.125,0.4375,79,32,90,B
34465,18,-3,1,-1,7,-9,-28,-7,0.816895,-0.19873,0.527832,-1.3125,-0.875,0.5,79,32,90,B
34516,18,-3,1,-1,7,-9,-28,-7,0.816895,-0.19873,0.527832,-1.3125,-0.875,0.5,79,32,90,B
34441,18,6,16,7,-11,-79,-36,-5,0.801758,-0.212891,0.54541,-1.0625,-1.3125,-0.3125,79,32,90,B
34492,18,6,16,7,-11,-79,-36,-5,0.801758,-0.212891,0.54541,-1.0625,-1.3125,-0.3125,79,32,90,B
35974,18,10,-1,2,6,29,47,8,0.73291,-0.283691,0.612305,0.5625,-1.8125,0.9375,77,41,115,H
36025,18,10,-1,2,6,29,47,8,0.73291,-0.283691,0.612305,0.5625,-1.8125,0.9375,77,41,115,H
7049,19,-26,50,38,-2,-4,-2,10,0.489746,-0.605469,0.654297,0.75,-1.625,-0.5,68,61,3,Q
58661,19,-26,50,38,-2,-4,-2,10,0.489746,-0.605469,0.654297,0.75,-1.625,-0.5,68,61,3,Q
7162,19,-18,15,18,4,5,9,4,0.474609,-0.623535,0.661133,-0.0625,0.0,0.1875,68,62,4,Q
58774,19,-18,15,18,4,5,9,4,0.474609,-0.623535,0.661133,-0.0625,0.0,0.1875,68,62,4,Q
7182,19,-14,-8,-10,-1,-2,12,11,0.486816,-0.613281,0.649414,-2.5,3.8125,1.25,68,62,4,Q
58794,19,-14,-8,-10,-1,-2,12,11,0.486816,-0.613281,0.649414,-2.5,3.8125,1.25,68,62,4,Q
53703,19,1,0,1,4,-1,-5,4,0.910645,-0.283691,0.233887,-5.875,3.4375,-3.75,63,18,161,X
53805,19,1,0,1,4,-1,-5,4,0.910645,-0.283691,0.233887,-5.875,3.4375,-3.75,63,18,161,X
7038,19,1,7,11,4,2,3,3,0.456055,-0.613281,0.695312,1.1875,-2.625,0.3125,69,63,2,Q
58650,19,1,7,11,4,2,3,3,0.456055,-0.613281,0.695312,1.1875,-2.625,0.3125,69,63,2,Q
41858,19,9,4,-12,5,12,8,2,0.742188,-0.496582,0.452637,1.25,-0.25,0.0,65,42,143,E
42113,19,9,4,-12,5,12,8,2,0.742188,-0.496582,0.452637,1.25,-0.25,0.0,65,42,143,E
7135,19,15,-18,-13,-11,-9,4,7,0.475098,-0.628906,0.650879,-0.3125,-0.3125,1.0,68,62,4,Q
58747,19,15,-18,-13,-11,-9,4,7,0.475098,-0.628906,0.650879,-0.3125,-0.3125,1.0,68,62,4,Q
7099,20,68,22,27,10,0,3,-1,0.474121,-0.626465,0.659668,0.4375,-0.5625,3.125,68,62,4,Q
58711,20,68,22,27,10,0,3,-1,0.474121,-0.626465,0.659668,0.4375,-0.5625,3.125,68,62,4,Q
7096,20,73,55,6,-6,19,-8,-8,0.45752,-0.628906,0.667969,0.1875,-1.0,-3.125,68,62,4,Q
58708,20,73,55,6,-6,19,-8,-8,0.45752,-0.628906,0.667969,0.1875,-1.0,-3.125,68,62,4,Q
4748,21,-14,0,21,26,32,30,29,0.716309,-0.26416,0.454102,-21.8125,57.375,-45.4375,69,33,30,S
4850,21,-14,0,21,26,32,30,29,0.716309,-0.26416,0.454102,-21.8125,57.375,-45.4375,69,33,30,S
6953,21,-5,16,11,3,7,-12,-48,0.484863,-0.629883,0.633301,-0.6875,-1.125,0.5625,68,61,3,Q
58565,21,-5,16,11,3,7,-12,-48,0.484863,-0.629883,0.633301,-0.6875,-1.125,0.5625,68,61,3,Q
35980,21,-2,3,6,10,44,37,25,0.727051,-0.294922,0.608398,0.5,-2.9375,-2.1875,77,41,116,H
36031,21,-2,3,6,10,44,37,25,0.727051,-0.294922,0.608398,0.5,-2.9375,-2.1875,77,41,116,H
4765,21,4,6,-8,0,4,-5,1,0.830566,-0.382324,0.394043,-3.5,2.5,2.375,68,33,32,S
4867,21,4,6,-8,0,4,-5,1,0.830566,-0.382324,0.394043,-3.5,2.5,2.375,68,33,32,S
41796,21,9,70,47,-6,-30,-43,-23,0.753418,-0.493164,0.443359,0.5625,1.0625,0.875,65,41,143,E
42051,21,9,70,47,-6,-30,-43,-23,0.753418,-0.493164,0.443359,0.5625,1.0625,0.875,65,41,143,E
50422,21,25,1,-3,-6,-19,-2,4,0.871582,-0.303711,0.386719,-2.5625,-0.75,-4.0,70,28,164,K
50473,21,25,1,-3,-6,-19,-2,4,0.871582,-0.303711,0.386719,-2.5625,-0.75,-4.0,70,28,164,K
7152,22,-79,-3,-15,-1,-1,4,26,0.466309,-0.637695,0.664551,0.0,-8.3125,3.9375,68,62,3,Q
58764,22,-79,-3,-15,-1,-1,4,26,0.466309,-0.637695,0.664551,0.0,-8.3125,3.9375,68,62,3,Q
40978,22,2,1,-29,-11,-6,14,3,0.727051,-0.499512,0.455078,1.4375,-0.75,0.0625,65,43,148,B
41233,22,2,1,-29,-11,-6,14,3,0.727051,-0.499512,0.455078,1.4375,-0.75,0.0625,65,43,148,B
50663,22,10,-5,-11,-8,-7,2,11,0.835449,-0.410645,0.338867,-2.6875,-1.125,0.875,63,30,176,L
50714,22,10,-5,-11,-8,-7,2,11,0.835449,-0.410645,0.338867,-2.6875,-1.125,0.875,63,30,176,L
6977,23,-36,-10,-4,6,29,10,26,0.491699,-0.616699,0.658203,0.1875,0.125,-0.4375,68,61,3,Q
58589,23,-36,-10,-4,6,29,10,26,0.491699,-0.616699,0.658203,0.1875,0.125,-0.4375,68,61,3,Q
6968,23,-5,-9,-7,1,-3,-6,11,0.489258,-0.621582,0.65918,-0.3125,1.0,-0.25,68,61,3,Q
58580,23,-5,-9,-7,1,-3,-6,11,0.489258,-0.621582,0.65918,-0.3125,1.0,-0.25,68,61,3,Q
7066,23,6,-24,0,6,12,2,-11,0.48291,-0.613281,0.657227,-0.25,1.0625,-0.1875,68,62,3,Q
58678,23,6,-24,0,6,12,2,-11,0.48291,-0.613281,0.657227,-0.25,1.0625,-0.1875,68,62,3,Q
6998,23,10,-12,-12,-4,-3,-6,10,0.462891,-0.640625,0.636719,-0.3125,-9.0,4.875,68,62,3,Q
58610,23,10,-12,-12,-4,-3,-6,10,0.462891,-0.640625,0.636719,-0.3125,-9.0,4.875,68,62,3,Q
7042,24,-62,-21,19,0,-24,-17,-16,0.484863,-0.559082,0.664062,-2.75,-5.6875,3.8125,69,62,2,Q
58654,24,-62,-21,19,0,-24,-17,-16,0.484863,-0.559082,0.664062,-2.75,-5.6875,3.8125,69,62,2,Q
41866,24,-2,54,41,3,-6,-9,-5,0.740234,-0.49707,0.448242,1.375,0.0625,-0.5,66,42,143,E
42121,24,-2,54,41,3,-6,-9,-5,0.740234,-0.49707,0.448242,1.375,0.0625,-0.5,66,42,143,E
50415,24,5,10,6,-1,-1,-1,0,0.857422,-0.273438,0.401855,-3.1875,-0.9375,-0.8125,70,28,164,K
50466,24,5,10,6,-1,-1,-1,0,0.857422,-0.273438,0.401855,-3.1875,-0.9375,-0.8125,70,28,164,K
6961,24,19,-16,10,-2,15,0,58,0.487305,-0.618652,0.646484,0.125,0.875,-1.375,68,61,3,Q
58573,24,19,-16,10,-2,15,0,58,0.487305,-0.618652,0.646484,0.125,0.875,-1.375,68,61,3,Q
50404,24,21,27,-2,-4,-14,-8,2,0.866211,-0.293457,0.338867,11.6875,0.0625,4.9375,70,27,164,K
50455,24,21,27,-2,-4,-14,-8,2,0.866211,-0.293457,0.338867,11.6875,0.0625,4.9375,70,27,164,K
14033,24,29,27,26,53,90,90,44,0.734863,-0.388184,0.631348,-2.1875,1.0,7.125,71,43,92,B
14034,24,29,27,26,53,90,90,44,0.734863,-0.388184,0.631348,-2.1875,1.0,7.125,71,43,92,B
14035,24,29,27,26,53,90,90,44,0.734863,-0.388184,0.631348,-2.1875,1.0,7.125,71,43,92,B
14036,24,29,27,26,53,90,90,44,0.734863,-0.388184,0.631348,-2.1875,1.0,7.125,71,43,92,B
14037,24,29,27,26,53,90,90,44,0.734863,-0.388184,0.631348,-2.1875,1.0,7.125,71,43,92,B
14038,24,29,27,26,53,90,90,44,0.734863,-0.388184,0.631348,-2.1875,1.0,7.125,71,43,92,B
14039,24,29,27,26,53,90,90,44,0.734863,-0.388184,0.631348,-2.1875,1.0,7.125,71,43,92,B
14040,24,29,27,26,53,90,90,44,0.734863,-0.388184,0.631348,-2.1875,1.0,7.125,71,43,92,B
14041,24,29,27,26,53,90,90,44,0.734863,-0.388184,0.631348,-2.1875,1.0,7.125,71,43,92,B
14042,24,29,27,26,53,90,90,44,0.734863,-0.388184,0.631348,-2.1875,1.0,7.125,71,43,92,B
14043,24,29,27,26,53,90,90,44,0.734863,-0.388184,0.631348,-2.1875,1.0,7.125,71,43,92,B
14044,24,29,27,26,53,90,90,44,0.734863,-0.388184,0.631348,-2.1875,1.0,7.125,71,43,92,B
14045,24,29,27,26,53,90,90,44,0.734863,-0.388184,0.631348,-2.1875,1.0,7.125,71,43,92,B
14046,24,29,27,26,53,90,90,44,0.734863,-0.388184,0.631348,-2.1875,1.0,7.125,71,43,92,B
14047,24,29,27,26,53,90,90,44,0.734863,-0.388184,0.631348,-2.1875,1.0,7.125,71,43,92,B
14048,24,29,27,26,53,90,90,44,0.734863,-0.388184,0.631348,-2.1875,1.0,7.125,71,43,92,B
14049,24,29,27,26,53,90,90,44,0.734863,-0.388184,0.631348,-2.1875,1.0,7.125,71,43,92,B
14050,24,29,27,26,53,90,90,44,0.734863,-0.388184,0.631348,-2.1875,1.0,7.125,71,43,92,B
14051,24,29,27,26,53,90,90,44,0.734863,-0.388184,0.631348,-2.1875,1.0,7.125,71,43,92,B
14052,24,29,27,26,53,90,90,44,0.734863,-0.388184,0.631348,-2.1875,1.0,7.125,71,43,92,B
14053,24,29,27,26,53,90,90,44,0.734863,-0.388184,0.631348,-2.1875,1.0,7.125,71,43,92,B
14054,24,29,27,26,53,90,90,44,0.734863,-0.388184,0.631348,-2.1875,1.0,7.125,71,43,92,B
14055,24,29,27,26,53,90,90,44,0.734863,-0.388184,0.631348,-2.1875,1.0,7.125,71,43,92,B
14056,24,29,27,26,53,90,90,44,0.734863,-0.388184,0.631348,-2.1875,1.0,7.125,71,43,92,B
14057,24,29,27,26,53,90,90,44,0.734863,-0.388184,0.631348,-2.1875,1.0,7.125,71,43,92,B
14058,24,29,27,26,53,90,90,44,0.734863,-0.388184,0.631348,-2.1875,1.0,7.125,71,43,92,B
14059,24,29,27,26,53,90,90,44,0.734863,-0.388184,0.631348,-2.1875,1.0,7.125,71,43,92,B
14060,24,29,27,26,53,90,90,44,0.734863,-0.388184,0.631348,-2.1875,1.0,7.125,71,43,92,B
14061,24,29,27,26,53,90,90,44,0.734863,-0.388184,0.631348,-2.1875,1.0,7.125,71,43,92,B
14062,24,29,27,26,53,90,90,44,0.734863,-0.388184,0.631348,-2.1875,1.0,7.125,71,43,92,B
14063,24,29,27,26,53,90,90,44,0.734863,-0.388184,0.631348,-2.1875,1.0,7.125,71,43,92,B
14064,24,29,27,26,53,90,90,44,0.734863,-0.388184,0.631348,-2.1875,1.0,7.125,71,43,92,B
14065,24,29,27,26,53,90,90,44,0.734863,-0.388184,0.631348,-2.1875,1.0,7.125,71,43,92,B
14066,24,29,27,26,53,90,90,44,0.734863,-0.388184,0.631348,-2.1875,1.0,7.125,71,43,92,B
14067,24,29,27,26,53,90,90,44,0.734863,-0.388184,0.631348,-2.1875,1.0,7.125,71,43,92,B
14068,24,29,27,26,53,90,90,44,0.734863,-0.388184,0.631348,-2.1875,1.0,7.125,71,43,92,B
14069,24,29,27,26,53,90,90,44,0.734863,-0.388184,0.631348,-2.1875,1.0,7.125,71,43,92,B
14070,24,29,27,26,53,90,90,44,0.734863,-0.388184,0.631348,-2.1875,1.0,7.125,71,43,92,B
14071,24,29,27,26,53,90,90,44,0.734863,-0.388184,0.631348,-2.1875,1.0,7.125,71,43,92,B
14072,24,29,27,26,53,90,90,44,0.734863,-0.388184,0.631348,-2.1875,1.0,7.125,71,43,92,B
14073,24,29,27,26,53,90,90,44,0.734863,-0.388184,0.631348,-2.1875,1.0,7.125,71,43,92,B
14074,24,29,27,26,53,90,90,44,0.734863,-0.388184,0.631348,-2.1875,1.0,7.125,71,43,92,B
14075,24,29,27,26,53,90,90,44,0.734863,-0.388184,0.631348,-2.1875,1.0,7.125,71,43,92,B
30189,24,37,-9,2,-1,-9,-16,57,0.820801,-0.369141,0.424805,1.0,-0.0625,-0.4375,69,34,99,L
30240,24,37,-9,2,-1,-9,-16,57,0.820801,-0.369141,0.424805,1.0,-0.0625,-0.4375,69,34,99,L
7093,24,39,15,-1,2,0,2,11,0.442383,-0.607422,0.705078,-1.125,-5.3125,-14.625,68,63,3,Q
58705,24,39,15,-1,2,0,2,11,0.442383,-0.607422,0.705078,-1.125,-5.3125,-14.625,68,63,3,Q
41777,26,8,4,4,18,7,3,0,0.691895,-0.534668,0.452148,0.25,-10.0625,-13.4375,65,44,143,E
42032,26,8,4,4,18,7,3,0,0.691895,-0.534668,0.452148,0.25,-10.0625,-13.4375,65,44,143,E
6993,26,21,4,1,-6,5,4,26,0.483887,-0.583984,0.705566,-0.5,-8.75,-0.375,68,63,1,Q
58605,26,21,4,1,-6,5,4,26,0.483887,-0.583984,0.705566,-0.5,-8.75,-0.375,68,63,1,Q
7176,26,36,-19,-6,5,12,11,2,0.472656,-0.634766,0.657227,0.8125,-0.5,1.25,68,62,4,Q
58788,26,36,-19,-6,5,12,11,2,0.472656,-0.634766,0.657227,0.8125,-0.5,1.25,68,62,4,Q
50417,27,-15,-27,-20,-7,-3,3,-3,0.873047,-0.306152,0.397461,2.5,-0.5,4.25,70,28,164,K
50468,27,-15,-27,-20,-7,-3,3,-3,0.873047,-0.306152,0.397461,2.5,-0.5,4.25,70,28,164,K
35968,27,-9,1,2,5,35,44,2,0.727539,-0.279297,0.612305,-0.1875,2.875,1.625,76,41,116,H
36019,27,-9,1,2,5,35,44,2,0.727539,-0.279297,0.612305,-0.1875,2.875,1.625,76,41,116,H
7147,27,-8,4,29,-2,-7,-2,-5,0.469238,-0.647461,0.684082,1.8125,-5.1875,-18.6875,69,63,3,Q
58759,27,-8,4,29,-2,-7,-2,-5,0.469238,-0.647461,0.684082,1.8125,-5.1875,-18.6875,69,63,3,Q
7013,28,-9,22,3,-7,-7,-4,-10,0.482422,-0.630859,0.657715,0.125,0.8125,0.3125,68,62,3,Q
58625,28,-9,22,3,-7,-7,-4,-10,0.482422,-0.630859,0.657715,0.125,0.8125,0.3125,68,62,3,Q
7101,28,9,-13,-5,-4,-1,5,41,0.464844,-0.622559,0.661621,0.375,-0.8125,1.4375,68,62,4,Q
58713,28,9,-13,-5,-4,-1,5,41,0.464844,-0.622559,0.661621,0.375,-0.8125,1.4375,68,62,4,Q
4761,29,3,-8,9,0,3,-7,12,0.808105,-0.42334,0.429199,11.4375,-3.875,-7.625,67,36,32,S
4863,29,3,-8,9,0,3,-7,12,0.808105,-0.42334,0.429199,11.4375,-3.875,-7.625,67,36,32,S
41811,29,3,38,29,8,15,9,6,0.743164,-0.506348,0.445801,-0.0625,0.0625,-0.75,65,41,143,E
42066,29,3,38,29,8,15,9,6,0.743164,-0.506348,0.445801,-0.0625,0.0625,-0.75,65,41,143,E
7164,30,-36,-17,9,4,8,7,0,0.470215,-0.614746,0.662109,-0.25,0.25,1.25,68,62,4,Q
58776,30,-36,-17,9,4,8,7,0,0.470215,-0.614746,0.662109,-0.25,0.25,1.25,68,62,4,Q
50406,30,-35,-25,-6,-1,31,-1,-2,0.870117,-0.266113,0.371094,-2.0,0.875,-1.125,70,27,164,K
50457,30,-35,-25,-6,-1,31,-1,-2,0.870117,-0.266113,0.371094,-2.0,0.875,-1.125,70,27,164,K
4753,30,17,77,8,-3,3,-4,8,0.787598,-0.482422,0.437012,3.625,-20.0,26.875,68,38,29,S
4855,30,17,77,8,-3,3,-4,8,0.787598,-0.482422,0.437012,3.625,-20.0,26.875,68,38,29,S
41781,31,-5,-17,-25,5,23,43,5,0.734863,-0.527832,0.462402,1.25,-6.4375,-6.8125,65,42,143,E
42036,31,-5,-17,-25,5,23,43,5,0.734863,-0.527832,0.462402,1.25,-6.4375,-6.8125,65,42,143,E
7143,31,36,5,9,3,0,1,5,0.433594,-0.620117,0.691895,1.3125,-1.6875,0.125,68,65,3,Q
58755,31,36,5,9,3,0,1,5,0.433594,-0.620117,0.691895,1.3125,-1.6875,0.125,68,65,3,Q
30167,32,-15,11,5,4,40,8,-8,0.823242,-0.37207,0.422852,0.0625,0.5,-0.3125,69,34,99,L
30218,32,-15,11,5,4,40,8,-8,0.823242,-0.37207,0.422852,0.0625,0.5,-0.3125,69,34,99,L
50416,32,11,-11,8,5,12,6,2,0.876953,-0.318848,0.384766,-2.25,1.4375,-1.5,70,28,164,K
50467,32,11,-11,8,5,12,6,2,0.876953,-0.318848,0.384766,-2.25,1.4375,-1.5,70,28,164,K
7187,32,41,14,-19,-2,-13,-4,25,0.47168,-0.633789,0.652344,3.6875,-5.75,-9.4375,68,62,4,Q
58799,32,41,14,-19,-2,-13,-4,25,0.47168,-0.633789,0.652344,3.6875,-5.75,-9.4375,68,62,4,Q
7157,33,15,2,8,-7,-18,-10,4,0.475586,-0.621094,0.663574,-0.75,0.0625,1.5,68,62,4,Q
58769,33,15,2,8,-7,-18,-10,4,0.475586,-0.621094,0.663574,-0.75,0.0625,1.5,68,62,4,Q
6975,36,8,0,-4,6,-13,5,-1,0.484863,-0.616699,0.657715,-0.125,0.25,0.4375,68,61,3,Q
58587,36,8,0,-4,6,-13,5,-1,0.484863,-0.616699,0.657715,-0.125,0.25,0.4375,68,61,3,Q
7001,38,46,24,28,1,-16,3,55,0.469727,-0.625977,0.642578,1.125,-0.3125,1.625,67,61,3,Q
58613,38,46,24,28,1,-16,3,55,0.469727,-0.625977,0.642578,1.125,-0.3125,1.625,67,61,3,Q
7134,39,27,7,5,-2,-12,-11,-1,0.473633,-0.626953,0.659668,0.25,-0.5,1.5625,68,62,4,Q
58746,39,27,7,5,-2,-12,-11,-1,0.473633,-0.626953,0.659668,0.25,-0.5,1.5625,68,62,4,Q
6996,40,46,50,4,0,0,5,-22,0.529785,-0.586426,0.651855,3.375,-12.3125,10.6875,68,62,2,Q
58608,40,46,50,4,0,0,5,-22,0.529785,-0.586426,0.651855,3.375,-12.3125,10.6875,68,62,2,Q
7131,40,68,35,7,-5,-2,1,14,0.477539,-0.622559,0.665039,-0.8125,1.0,-1.375,68,62,4,Q
58743,40,68,35,7,-5,-2,1,14,0.477539,-0.622559,0.665039,-0.8125,1.0,-1.375,68,62,4,Q
6972,45,22,21,-6,-1,6,11,29,0.48584,-0.604492,0.652344,0.25,0.8125,0.0,68,61,3,Q
58584,45,22,21,-6,-1,6,11,29,0.48584,-0.604492,0.652344,0.25,0.8125,0.0,68,61,3,Q
41843,46,6,2,-3,7,30,28,-20,0.730957,-0.49707,0.458008,-3.6875,1.1875,-0.625,65,42,143,E
42098,46,6,2,-3,7,30,28,-20,0.730957,-0.49707,0.458008,-3.6875,1.1875,-0.625,65,42,143,E
50398,51,13,24,-2,0,17,2,6,0.875,-0.288086,0.37207,7.5,0.125,2.6875,68,26,163,K
50449,51,13,24,-2,0,17,2,6,0.875,-0.288086,0.37207,7.5,0.125,2.6875,68,26,163,K
7166,52,33,27,24,0,-3,-1,24,0.476562,-0.620117,0.658203,0.5625,0.75,1.9375,68,62,4,Q
58778,52,33,27,24,0,-3,-1,24,0.476562,-0.620117,0.658203,0.5625,0.75,1.9375,68,62,4,Q
7048,55,-12,-32,-13,7,-10,-6,17,0.478027,-0.616699,0.651367,-0.875,-1.4375,-2.1875,68,61,3,Q
58660,55,-12,-32,-13,7,-10,-6,17,0.478027,-0.616699,0.651367,-0.875,-1.4375,-2.1875,68,61,3,Q
6994,56,112,70,49,-11,0,1,21,0.470215,-0.595703,0.648926,-5.25,-11.1875,-2.25,68,62,1,Q
58606,56,112,70,49,-11,0,1,21,0.470215,-0.595703,0.648926,-5.25,-11.1875,-2.25,68,62,1,Q
50399,65,-32,19,4,0,-5,-1,3,0.867676,-0.377441,0.334961,5.0,5.0625,3.125,68,26,163,K
50450,65,-32,19,4,0,-5,-1,3,0.867676,-0.377441,0.334961,5.0,5.0625,3.125,68,26,163,K
7046,66,-54,30,21,-5,-22,-7,-17,0.493164,-0.595703,0.658691,1.1875,-8.0625,1.875,68,62,3,Q
58658,66,-54,30,21,-5,-22,-7,-17,0.493164,-0.595703,0.658691,1.1875,-8.0625,1.875,68,62,3,Q
7097,70,-73,-31,-26,0,19,16,16,0.491211,-0.620117,0.652344,-0.5,-1.375,0.8125,68,62,4,Q
58709,70,-73,-31,-26,0,19,16,16,0.491211,-0.620117,0.652344,-0.5,-1.375,0.8125,68,62,4,Q
6974,72,3,12,-3,-10,0,-7,1,0.496094,-0.61084,0.64502,0.5,0.375,0.6875,68,61,3,Q
58586,72,3,12,-3,-10,0,-7,1,0.496094,-0.61084,0.64502,0.5,0.375,0.6875,68,61,3,Q
4746,79,22,18,16,9,29,16,32,0.819824,-0.497559,0.279785,-30.6875,32.5,-18.625,66,32,36,S
4848,79,22,18,16,9,29,16,32,0.819824,-0.497559,0.279785,-30.6875,32.5,-18.625,66,32,36,S
7109,100,90,46,-18,-10,-22,-7,92,0.471191,-0.63916,0.652832,0.125,0.6875,1.5625,68,62,4,Q
58721,100,90,46,-18,-10,-22,-7,92,0.471191,-0.63916,0.652832,0.125,0.6875,1.5625,68,62,4,Q
